1638858998.8664625.jpg,1.4092020988464355,0.5817904472351074,0.756655216217041,0.6790921688079834,0.5155708,2211
1638858998.8664625.jpg,1.3777337074279785,0.547670841217041,0.7610306739807129,0.7118363380432129,0.5155708,2211
1638858998.8664625.jpg,1.3980445861816406,0.5828986167907715,0.7541534900665283,0.7074110507965088,0.5155708,2211
1638858998.8664625.jpg,1.396836757659912,0.5685927867889404,0.7540779113769531,0.672966480255127,0.5155708,2211
1638858998.8664625.jpg,1.3796987533569336,0.559882640838623,0.7427082061767578,0.7011888027191162,0.5155708,2211
1638859386.3183892.jpg,1.420567274093628,0.5949316024780273,0.7603657245635986,0.7115137577056885,0.1404014,2094
1638859386.3183892.jpg,1.3474960327148438,0.5259621143341064,0.7600102424621582,0.7184553146362305,0.1404014,2094
1638859386.3183892.jpg,1.422579050064087,0.5948014259338379,0.7546024322509766,0.6823790073394775,0.1404014,2094
1638859386.3183892.jpg,1.348266839981079,0.5271530151367188,0.7516591548919678,0.7054550647735596,0.1404014,2094
1638859386.3183892.jpg,1.3900866508483887,0.586585521697998,0.7305145263671875,0.6812613010406494,0.1404014,2094
1638858284.6405256.jpg,1.3463330268859863,0.528770923614502,0.7548511028289795,0.6793251037597656,0.0,2171
1638858284.6405256.jpg,1.4225432872772217,0.6010313034057617,0.7546372413635254,0.7053210735321045,0.0,2171
1638858284.6405256.jpg,1.3890044689178467,0.5530128479003906,0.7471013069152832,0.701005220413208,0.0,2171
1638858284.6405256.jpg,1.4173452854156494,0.5920703411102295,0.7654142379760742,0.7159280776977539,0.0,2171
1638858284.6405256.jpg,1.4539427757263184,0.5839345455169678,0.75736403465271,0.6885817050933838,0.0,2171
1638859466.8908947.jpg,1.3855323791503906,0.5532875061035156,0.7681634426116943,0.7194290161132812,0.0,2332
1638859466.8908947.jpg,1.428149938583374,0.5992653369903564,0.7612388134002686,0.7154786586761475,0.0,2332
1638859466.8908947.jpg,1.3436520099639893,0.5350141525268555,0.7471253871917725,0.6984202861785889,0.0,2332
1638859466.8908947.jpg,1.4226362705230713,0.5906496047973633,0.7594974040985107,0.682450532913208,0.0,2332
1638859466.8908947.jpg,1.3235652446746826,0.5276861190795898,0.7353348731994629,0.6864113807678223,0.0,2332
1638859448.1750998.jpg,1.4208669662475586,0.587646484375,0.7662463188171387,0.7198033332824707,0.12677369,2221
1638859448.1750998.jpg,1.7010490894317627,0.5353460311889648,0.7528393268585205,0.6710314750671387,0.12677369,2221
1638859448.1750998.jpg,1.3899803161621094,0.566368579864502,0.7562434673309326,0.7139270305633545,0.12677369,2221
1638859448.1750998.jpg,1.4302618503570557,0.591076135635376,0.7724335193634033,0.7224483489990234,0.12677369,2221
1638859448.1750998.jpg,1.3402762413024902,0.5348739624023438,0.7451193332672119,0.6987342834472656,0.12677369,2221
1638859067.8408415.jpg,1.509242296218872,0.6020781993865967,0.7530179023742676,0.6792283058166504,0.0,2440
1638859067.8408415.jpg,1.3690619468688965,0.5303201675415039,0.7720105648040771,0.723186731338501,0.0,2440
1638859067.8408415.jpg,1.538546085357666,0.596914529800415,0.7684848308563232,0.7193186283111572,0.0,2440
1638859067.8408415.jpg,1.475900650024414,0.5769946575164795,0.7436168193817139,0.6969308853149414,0.0,2440
1638859067.8408415.jpg,1.4870147705078125,0.671804666519165,0.7501323223114014,0.6901586055755615,0.0,2440
1638859456.9389522.jpg,1.5846810340881348,0.6646425724029541,0.7718017101287842,0.725977897644043,0.0,2185
1638859456.9389522.jpg,1.4955554008483887,0.6860413551330566,0.7476155757904053,0.6987323760986328,0.0,2185
1638859456.9389522.jpg,1.4331488609313965,0.5952954292297363,0.7520747184753418,0.7059361934661865,0.0,2185
1638859456.9389522.jpg,1.3379545211791992,0.5263073444366455,0.7463476657867432,0.6972939968109131,0.0,2185
1638859456.9389522.jpg,1.4184839725494385,0.591238260269165,0.7533671855926514,0.6838865280151367,0.0,2185
1638859573.0005805.jpg,1.3661820888519287,0.5428822040557861,0.7570805549621582,0.7084109783172607,0.0,1504
1638859573.0005805.jpg,1.3743906021118164,0.5761864185333252,0.7361445426940918,0.689298152923584,0.0,1504
1638859573.0005805.jpg,1.4098265171051025,0.5695819854736328,0.7689085006713867,0.6978909969329834,0.0,1504
1638859573.0005805.jpg,1.3706295490264893,0.547515869140625,0.7629039287567139,0.7163679599761963,0.0,1504
1638859573.0005805.jpg,1.4373869895935059,0.5850846767425537,0.7637226581573486,0.7147836685180664,0.0,1504
1638859599.5550244.jpg,1.3690707683563232,0.5268492698669434,0.7758197784423828,0.6992979049682617,0.0,2498
1638859599.5550244.jpg,1.4362170696258545,0.5932185649871826,0.763141393661499,0.714836597442627,0.0,2498
1638859599.5550244.jpg,1.3585257530212402,0.5357911586761475,0.7613942623138428,0.7152435779571533,0.0,2498
1638859599.5550244.jpg,1.7114460468292236,0.5983755588531494,1.0476901531219482,0.9986586570739746,0.0,2498
1638859599.5550244.jpg,1.416877031326294,0.5692474842071533,0.7767622470855713,0.7291786670684814,0.0,2498
1638859121.0304701.jpg,1.3880536556243896,0.5707967281341553,0.7562756538391113,0.7130389213562012,0.0,2326
1638859121.0304701.jpg,2.6626501083374023,0.5982663631439209,0.7728028297424316,0.6996951103210449,0.0,2326
1638859121.0304701.jpg,1.434218168258667,0.5918734073638916,0.7700371742248535,0.7268927097320557,0.0,2326
1638859121.0304701.jpg,1.4112513065338135,0.5309140682220459,0.7512578964233398,0.7096498012542725,0.0,2326
1638859121.0304701.jpg,2.5743823051452637,0.5896174907684326,0.7213585376739502,0.6495106220245361,0.0,2326
1638859565.7265472.jpg,1.4062223434448242,0.5850186347961426,0.7535691261291504,0.7115345001220703,0.0,2042
1638859565.7265472.jpg,1.3556017875671387,0.5283832550048828,0.732302188873291,0.6890261173248291,0.0,2042
1638859565.7265472.jpg,1.507526159286499,0.5895097255706787,0.7342441082000732,0.6923367977142334,0.0,2042
1638859565.7265472.jpg,1.3922336101531982,0.5498788356781006,0.7655320167541504,0.6889984607696533,0.0,2042
1638859565.7265472.jpg,1.3889095783233643,0.5742967128753662,0.7528417110443115,0.7107422351837158,0.0,2042
1638859421.1459873.jpg,1.4340598583221436,0.578345537185669,0.7563230991363525,0.7130556106567383,0.105228685,2004
1638859421.1459873.jpg,1.3409793376922607,0.5439581871032715,0.7325630187988281,0.6910576820373535,0.105228685,2004
1638859421.1459873.jpg,1.4296503067016602,0.5854265689849854,0.7732760906219482,0.7040400505065918,0.105228685,2004
1638859421.1459873.jpg,1.3307421207427979,0.522705078125,0.7453482151031494,0.7033438682556152,0.105228685,2004
1638859421.1459873.jpg,1.3737385272979736,0.5862522125244141,0.7213709354400635,0.6782548427581787,0.105228685,2004
1638859528.9833424.jpg,1.3711047172546387,0.5219161510467529,0.782872200012207,0.7163372039794922,0.0,2007
1638859528.9833424.jpg,1.407832145690918,0.586923360824585,0.7462818622589111,0.7033631801605225,0.0,2007
1638859528.9833424.jpg,1.3430368900299072,0.5263192653656006,0.7569911479949951,0.7157635688781738,0.0,2007
1638859528.9833424.jpg,1.4123163223266602,0.5867233276367188,0.7594707012176514,0.684852123260498,0.0,2007
1638859528.9833424.jpg,1.375636339187622,0.5518496036529541,0.7509186267852783,0.7100203037261963,0.0,2007
1638859502.4543705.jpg,1.3662219047546387,0.5750405788421631,0.727846622467041,0.68310546875,0.0,1471
1638859502.4543705.jpg,1.5252699851989746,0.5720853805541992,0.7409281730651855,0.6997113227844238,0.0,1471
1638859502.4543705.jpg,1.5236566066741943,0.5967702865600586,0.759117603302002,0.6908047199249268,0.0,1471
1638859502.4543705.jpg,1.6656484603881836,0.5859625339508057,0.7685086727142334,0.6959788799285889,0.0,1471
1638859502.4543705.jpg,1.5792043209075928,0.5910394191741943,0.7450141906738281,0.6775734424591064,0.0,1471
1638858280.0541258.jpg,2.165433883666992,0.6217732429504395,0.7765538692474365,0.7039530277252197,0.0,2135
1638858280.0541258.jpg,1.8193316459655762,0.5906994342803955,1.1522564888000488,0.6726691722869873,0.0,2135
1638858280.0541258.jpg,1.4020843505859375,0.5889043807983398,0.7463479042053223,0.7050073146820068,0.0,2135
1638858280.0541258.jpg,1.3687846660614014,0.5450949668884277,0.7608439922332764,0.7171783447265625,0.0,2135
1638858280.0541258.jpg,1.41162109375,0.5970664024353027,0.7473931312561035,0.683673620223999,0.0,2135
1638858976.5000446.jpg,1.3381521701812744,0.5240302085876465,0.7472047805786133,0.7040941715240479,0.5551919,2288
1638858976.5000446.jpg,1.3884944915771484,0.5863254070281982,0.7327625751495361,0.6909711360931396,0.5551919,2288
1638858976.5000446.jpg,1.374983549118042,0.5265071392059326,0.777754545211792,0.7020184993743896,0.5551919,2288
1638858976.5000446.jpg,1.457592487335205,0.5875532627105713,0.7726469039916992,0.7089688777923584,0.5551919,2288
1638858976.5000446.jpg,1.3665657043457031,0.5302789211273193,0.762561559677124,0.719519853591919,0.5551919,2288
1638859432.9290097.jpg,1.3982362747192383,0.5890762805938721,0.7456874847412109,0.7017307281494141,0.0,2250
1638859432.9290097.jpg,1.4203431606292725,0.5630686283111572,0.759516716003418,0.6834254264831543,0.0,2250
1638859432.9290097.jpg,1.3702373504638672,0.5649163722991943,0.7367961406707764,0.6952359676361084,0.0,2250
1638859432.9290097.jpg,1.4415297508239746,0.5902364253997803,0.765510082244873,0.7229912281036377,0.0,2250
1638859432.9290097.jpg,1.340998888015747,0.5346910953521729,0.7258374691009521,0.6839845180511475,0.0,2250
1638858980.1257513.jpg,1.4014601707458496,0.5823266506195068,0.7442283630371094,0.6785423755645752,0.0,1887
1638858980.1257513.jpg,1.3087992668151855,0.5230312347412109,0.7243468761444092,0.6830723285675049,0.0,1887
1638858980.1257513.jpg,1.4025342464447021,0.5856814384460449,0.746027946472168,0.7034969329833984,0.0,1887
1638858980.1257513.jpg,1.3629908561706543,0.5215041637420654,0.7735898494720459,0.7098293304443359,0.0,1887
1638858980.1257513.jpg,1.417513132095337,0.5862653255462646,0.7660038471221924,0.7231667041778564,0.0,1887
1638859154.4812253.jpg,1.7120099067687988,0.5257799625396729,0.7802596092224121,0.7138054370880127,0.0,2112
1638859154.4812253.jpg,1.3677446842193604,0.5564208030700684,0.7397432327270508,0.6970255374908447,0.0,2112
1638859154.4812253.jpg,1.4003591537475586,0.5828182697296143,0.7350339889526367,0.693946361541748,0.0,2112
1638859154.4812253.jpg,1.391693353652954,0.5256612300872803,0.7906234264373779,0.7226099967956543,0.0,2112
1638859154.4812253.jpg,1.4002435207366943,0.5858116149902344,0.7491703033447266,0.7081847190856934,0.0,2112
1638859532.568404.jpg,1.3909776210784912,0.5174272060394287,0.7629249095916748,0.7202556133270264,0.0,2018
1638859532.568404.jpg,1.4027512073516846,0.5875742435455322,0.7444355487823486,0.672584056854248,0.0,2018
1638859532.568404.jpg,1.3733327388763428,0.5203661918640137,0.7753505706787109,0.7328805923461914,0.0,2018
1638859532.568404.jpg,1.3998050689697266,0.5866923332214355,0.7486708164215088,0.7080581188201904,0.0,2018
1638859532.568404.jpg,1.3904883861541748,0.5487327575683594,0.7745678424835205,0.6991434097290039,0.0,2018
1638859047.6844864.jpg,1.3994781970977783,0.5785665512084961,0.7609565258026123,0.7196588516235352,0.111316,2523
1638859047.6844864.jpg,2.6169984340667725,0.5839762687683105,0.7579710483551025,0.6923050880432129,0.111316,2523
1638859047.6844864.jpg,1.4152438640594482,0.5939092636108398,0.7522108554840088,0.7095975875854492,0.111316,2523
1638859047.6844864.jpg,1.350740671157837,0.5468697547912598,0.739189863204956,0.6959743499755859,0.111316,2523
1638859047.6844864.jpg,1.4159400463104248,0.6012334823608398,0.7432091236114502,0.6706321239471436,0.111316,2523
1638859125.0065742.jpg,1.3319809436798096,0.5301010608673096,0.7393417358398438,0.696277379989624,0.1119859,2300
1638859125.0065742.jpg,4.906722784042358,0.5984961986541748,0.73052978515625,0.6585028171539307,0.1119859,2300
1638859125.0065742.jpg,1.570603370666504,0.6607954502105713,0.7553496360778809,0.6789610385894775,0.1119859,2300
1638859125.0065742.jpg,1.6099367141723633,0.5728926658630371,0.7476568222045898,0.6818258762359619,0.1119859,2300
1638859125.0065742.jpg,1.5333468914031982,0.6710965633392334,0.7347416877746582,0.6696321964263916,0.1119859,2300
1638859518.1402035.jpg,1.3913195133209229,0.5832083225250244,0.7407481670379639,0.6993288993835449,0.0,2106
1638859518.1402035.jpg,2.713517189025879,0.5576565265655518,0.7229897975921631,0.6517674922943115,0.0,2106
1638859518.1402035.jpg,1.3607795238494873,0.5454227924346924,0.7529938220977783,0.7119250297546387,0.0,2106
1638859518.1402035.jpg,1.42271089553833,0.5858123302459717,0.7581417560577393,0.715749979019165,0.0,2106
1638859518.1402035.jpg,1.3382809162139893,0.5234899520874023,0.7199954986572266,0.6788942813873291,0.0,2106
1638858319.4553835.jpg,1.4037423133850098,0.5873622894287109,0.7454783916473389,0.6696572303771973,0.0,2019
1638858319.4553835.jpg,1.3227870464324951,0.5206801891326904,0.7365891933441162,0.6944856643676758,0.0,2019
1638858319.4553835.jpg,1.4343068599700928,0.5865275859832764,0.779961347579956,0.733004093170166,0.0,2019
1638858319.4553835.jpg,1.3629844188690186,0.5288410186767578,0.7542989253997803,0.6883599758148193,0.0,2019
1638858319.4553835.jpg,1.4296598434448242,0.5875625610351562,0.761669397354126,0.7186117172241211,0.0,2019
1638859051.5901349.jpg,1.3779675960540771,0.5605118274688721,0.7491028308868408,0.7071857452392578,0.18195629,2469
1638859051.5901349.jpg,1.392198085784912,0.5744554996490479,0.7490191459655762,0.7056641578674316,0.18195629,2469
1638859051.5901349.jpg,1.4385466575622559,0.5921261310577393,0.773446798324585,0.7098321914672852,0.18195629,2469
1638859051.5901349.jpg,1.3677785396575928,0.534930944442749,0.7720615863800049,0.7288975715637207,0.18195629,2469
1638859051.5901349.jpg,1.3857464790344238,0.5883564949035645,0.7301211357116699,0.6886186599731445,0.18195629,2469
1638859576.6995776.jpg,1.306447982788086,0.5191671848297119,0.7245159149169922,0.6519887447357178,0.0,2026
1638859576.6995776.jpg,1.4010393619537354,0.5848922729492188,0.7475059032440186,0.7062199115753174,0.0,2026
1638859576.6995776.jpg,1.3654916286468506,0.5238959789276123,0.753324031829834,0.7108855247497559,0.0,2026
1638859576.6995776.jpg,1.3757045269012451,0.5846402645111084,0.7186212539672852,0.6462998390197754,0.0,2026
1638859576.6995776.jpg,1.3449149131774902,0.5208261013031006,0.7460639476776123,0.7030155658721924,0.0,2026
1638859409.709503.jpg,1.385195255279541,0.5828003883361816,0.7363605499267578,0.6949496269226074,0.0,2040
1638859409.709503.jpg,1.395104169845581,0.5454196929931641,0.7770826816558838,0.7109761238098145,0.0,2040
1638859409.709503.jpg,2.666287899017334,0.5810341835021973,0.7418358325958252,0.6699857711791992,0.0,2040
1638859409.709503.jpg,1.3721554279327393,0.5645947456359863,0.7452020645141602,0.7026998996734619,0.0,2040
1638859409.709503.jpg,1.3908100128173828,0.5939202308654785,0.7259702682495117,0.6853547096252441,0.0,2040
1638859090.291929.jpg,1.3716464042663574,0.5409839153289795,0.7573587894439697,0.6820719242095947,0.0,2316
1638859090.291929.jpg,1.3938052654266357,0.5965073108673096,0.7334389686584473,0.692206859588623,0.0,2316
1638859090.291929.jpg,1.361459732055664,0.5301580429077148,0.7602193355560303,0.7171196937561035,0.0,2316
1638859090.291929.jpg,1.4181849956512451,0.5924994945526123,0.7537763118743896,0.6892731189727783,0.0,2316
1638859090.291929.jpg,1.6921167373657227,0.5256068706512451,0.7542295455932617,0.6747109889984131,0.0,2316
1638859498.846176.jpg,1.3905372619628906,0.5820715427398682,0.7456765174865723,0.704115629196167,0.27905032,2306
1638859498.846176.jpg,1.381948471069336,0.5658655166625977,0.7456223964691162,0.7029390335083008,0.27905032,2306
1638859498.846176.jpg,1.378279447555542,0.5680365562438965,0.7478601932525635,0.7065238952636719,0.27905032,2306
1638859498.846176.jpg,1.4408066272735596,0.5856294631958008,0.7841687202453613,0.7127866744995117,0.27905032,2306
1638859498.846176.jpg,1.3496599197387695,0.5291740894317627,0.7529809474945068,0.7116336822509766,0.27905032,2306
1638859094.2179437.jpg,1.6063005924224854,0.584841251373291,0.7448196411132812,0.6963787078857422,0.0,2273
1638859094.2179437.jpg,1.5454325675964355,0.5251870155334473,0.7417535781860352,0.7004685401916504,0.0,2273
1638859094.2179437.jpg,1.5837390422821045,0.6480364799499512,0.772580623626709,0.6992146968841553,0.0,2273
1638859094.2179437.jpg,1.5917110443115234,0.6382818222045898,0.767653226852417,0.7043423652648926,0.0,2273
1638859094.2179437.jpg,1.5610194206237793,0.5700535774230957,0.7500314712524414,0.676353931427002,0.0,2273
1638859424.9991379.jpg,1.7409553527832031,0.5941290855407715,1.062305212020874,1.0206902027130127,0.34798032,1964
1638859424.9991379.jpg,1.4122083187103271,0.5553698539733887,0.7649126052856445,0.705054521560669,0.34798032,1964
1638859424.9991379.jpg,1.3740284442901611,0.5546615123748779,0.7503190040588379,0.7084450721740723,0.34798032,1964
1638859424.9991379.jpg,1.431896448135376,0.5896892547607422,0.7666597366333008,0.7250452041625977,0.34798032,1964
1638859424.9991379.jpg,1.3546617031097412,0.5295670032501221,0.7504696846008301,0.6774625778198242,0.34798032,1964
1638859075.3498244.jpg,1.420027732849121,0.5825142860412598,0.7681107521057129,0.7264142036437988,0.19600439,2431
1638859075.3498244.jpg,1.3454678058624268,0.5258939266204834,0.7547736167907715,0.7131130695343018,0.19600439,2431
1638859075.3498244.jpg,1.4384288787841797,0.5864412784576416,0.7747159004211426,0.7094378471374512,0.19600439,2431
1638859075.3498244.jpg,1.3403098583221436,0.5224502086639404,0.7558231353759766,0.7140676975250244,0.19600439,2431
1638859075.3498244.jpg,1.392491340637207,0.5866022109985352,0.740497350692749,0.6931288242340088,0.19600439,2431
1638859444.2156723.jpg,1.366518497467041,0.5398859977722168,0.7525110244750977,0.6839313507080078,0.0,2105
1638859444.2156723.jpg,1.4092762470245361,0.5885772705078125,0.7562456130981445,0.7094852924346924,0.0,2105
1638859444.2156723.jpg,1.392848253250122,0.5626747608184814,0.7563996315002441,0.7152764797210693,0.0,2105
1638859444.2156723.jpg,1.3559038639068604,0.5603618621826172,0.7355308532714844,0.689342737197876,0.0,2105
1638859444.2156723.jpg,1.4167628288269043,0.5907843112945557,0.7545638084411621,0.6886458396911621,0.0,2105
1638859549.0304558.jpg,1.3500356674194336,0.5309891700744629,0.7568039894104004,0.7105357646942139,0.0,1980
1638859549.0304558.jpg,1.4148070812225342,0.5851733684539795,0.7527129650115967,0.7113425731658936,0.0,1980
1638859549.0304558.jpg,1.4090251922607422,0.5235981941223145,0.7674667835235596,0.6902852058410645,0.0,1980
1638859549.0304558.jpg,1.3982970714569092,0.5865213871002197,0.7439231872558594,0.7026615142822266,0.0,1980
1638859549.0304558.jpg,1.3577265739440918,0.5206661224365234,0.7672200202941895,0.7208585739135742,0.0,1980
1638859040.2008502.jpg,1.4233458042144775,0.5913171768188477,0.7617273330688477,0.6934728622436523,0.35215303,2476
1638859040.2008502.jpg,1.369478464126587,0.5482640266418457,0.7515790462493896,0.704660177230835,0.35215303,2476
1638859040.2008502.jpg,1.3933804035186768,0.5903635025024414,0.7444560527801514,0.7023835182189941,0.35215303,2476
1638859040.2008502.jpg,1.3990952968597412,0.5766525268554688,0.7503385543823242,0.6782817840576172,0.35215303,2476
1638859040.2008502.jpg,1.3843631744384766,0.5569438934326172,0.7656667232513428,0.7234761714935303,0.35215303,2476
1638859495.293246.jpg,1.3875885009765625,0.583160400390625,0.7337000370025635,0.6876552104949951,0.0,2298
1638859495.293246.jpg,1.3651776313781738,0.5336301326751709,0.7681200504302979,0.7036745548248291,0.0,2298
1638859495.293246.jpg,1.4232096672058105,0.5873713493347168,0.7733809947967529,0.7273869514465332,0.0,2298
1638859495.293246.jpg,1.3283278942108154,0.5257351398468018,0.7386734485626221,0.6976618766784668,0.0,2298
1638859495.293246.jpg,1.4399528503417969,0.5910332202911377,0.7635433673858643,0.6862690448760986,0.0,2298
1638859373.9926748.jpg,2.595262289047241,0.525191068649292,0.786017656326294,0.7194223403930664,0.0,2248
1638859373.9926748.jpg,1.3256797790527344,0.5247910022735596,0.738487958908081,0.6922094821929932,0.0,2248
1638859373.9926748.jpg,1.415126085281372,0.5906553268432617,0.7521753311157227,0.7079207897186279,0.0,2248
1638859373.9926748.jpg,1.6770150661468506,0.5506861209869385,0.7572617530822754,0.6866722106933594,0.0,2248
1638859373.9926748.jpg,1.3802990913391113,0.551628589630127,0.7666473388671875,0.7229418754577637,0.0,2248
1638858291.8955135.jpg,1.5569853782653809,0.5928041934967041,0.7442421913146973,0.6981112957000732,0.0,1997
1638858291.8955135.jpg,1.633784532546997,0.6057460308074951,0.7558784484863281,0.7138149738311768,0.0,1997
1638858291.8955135.jpg,1.628908634185791,0.5875275135040283,0.7812316417694092,0.7348623275756836,0.0,1997
1638858291.8955135.jpg,1.5807826519012451,0.6294517517089844,0.776214599609375,0.7075164318084717,0.0,1997
1638858291.8955135.jpg,1.5971856117248535,0.5820202827453613,0.7323884963989258,0.6550145149230957,0.0,1997
1638859393.5280793.jpg,1.7536571025848389,0.6326799392700195,0.7592892646789551,0.6923184394836426,0.25585604,1945
1638859393.5280793.jpg,1.3789713382720947,0.5572688579559326,0.7500917911529541,0.7028751373291016,0.25585604,1945
1638859393.5280793.jpg,1.3689305782318115,0.5675246715545654,0.7386989593505859,0.6967129707336426,0.25585604,1945
1638859393.5280793.jpg,1.4020318984985352,0.5747213363647461,0.7343716621398926,0.6568996906280518,0.25585604,1945
1638859393.5280793.jpg,1.3669734001159668,0.5465078353881836,0.7527098655700684,0.7107729911804199,0.25585604,1945
1638858341.872268.jpg,1.4148497581481934,0.5876879692077637,0.7535347938537598,0.7066493034362793,0.1108685,2343
1638858341.872268.jpg,1.3372206687927246,0.5249979496002197,0.7383193969726562,0.6658170223236084,0.1108685,2343
1638858341.872268.jpg,1.4281046390533447,0.589508056640625,0.7704102993011475,0.7239553928375244,0.1108685,2343
1638858341.872268.jpg,1.366222620010376,0.5266380310058594,0.7483196258544922,0.7008874416351318,0.1108685,2343
1638858341.872268.jpg,1.4159088134765625,0.5881953239440918,0.7576370239257812,0.6860842704772949,0.1108685,2343
1638859506.0456975.jpg,1.3610365390777588,0.5302329063415527,0.763359785079956,0.7221226692199707,0.0,2212
1638859506.0456975.jpg,1.4045040607452393,0.5890452861785889,0.7495577335357666,0.7033729553222656,0.0,2212
1638859506.0456975.jpg,1.4077792167663574,0.5570578575134277,0.756558895111084,0.6855101585388184,0.0,2212
1638859506.0456975.jpg,1.3801631927490234,0.577033519744873,0.7372677326202393,0.6909573078155518,0.0,2212
1638859506.0456975.jpg,2.685427665710449,0.5867714881896973,0.7821378707885742,0.7113037109375,0.0,2212
1638859128.8039994.jpg,1.4378416538238525,0.5946502685546875,0.7666599750518799,0.7202064990997314,0.12997763,2277
1638859128.8039994.jpg,1.3497397899627686,0.5237360000610352,0.7535178661346436,0.7059676647186279,0.12997763,2277
1638859128.8039994.jpg,1.4395115375518799,0.5933272838592529,0.7800593376159668,0.7107827663421631,0.12997763,2277
1638859128.8039994.jpg,1.340223789215088,0.5258822441101074,0.7526946067810059,0.7063634395599365,0.12997763,2277
1638859128.8039994.jpg,1.4295005798339844,0.589921236038208,0.7606320381164551,0.7145328521728516,0.12997763,2277
1638859487.658158.jpg,1.3845093250274658,0.525454044342041,0.7869184017181396,0.7160484790802002,0.0,2213
1638859487.658158.jpg,1.4154398441314697,0.5848593711853027,0.7612674236297607,0.7149832248687744,0.0,2213
1638859487.658158.jpg,1.3748784065246582,0.555849552154541,0.7390868663787842,0.693418025970459,0.0,2213
1638859487.658158.jpg,1.3623244762420654,0.5711734294891357,0.7302515506744385,0.6845452785491943,0.0,2213
1638859487.658158.jpg,1.4074897766113281,0.5805144309997559,0.7526428699493408,0.6755664348602295,0.0,2213
1638859525.3785744.jpg,1.3639791011810303,0.5443418025970459,0.7531962394714355,0.7069153785705566,0.0,1998
1638859525.3785744.jpg,1.4072930812835693,0.5872206687927246,0.7486770153045654,0.7075028419494629,0.0,1998
1638859525.3785744.jpg,1.3443167209625244,0.5208702087402344,0.7557601928710938,0.7093615531921387,0.0,1998
1638859525.3785744.jpg,1.4180867671966553,0.5877091884613037,0.7572922706604004,0.6850173473358154,0.0,1998
1638859525.3785744.jpg,1.358290672302246,0.5305449962615967,0.7616543769836426,0.7152214050292969,0.0,1998
1638859377.6730952.jpg,1.3879883289337158,0.5872693061828613,0.7335398197174072,0.6921977996826172,0.19972636,2242
1638859377.6730952.jpg,1.3544485569000244,0.5221652984619141,0.7655010223388672,0.6943814754486084,0.19972636,2242
1638859377.6730952.jpg,1.4164550304412842,0.5878524780273438,0.7558109760284424,0.7176411151885986,0.19972636,2242
1638859377.6730952.jpg,1.399482011795044,0.5484957695007324,0.727712869644165,0.6813020706176758,0.19972636,2242
1638859377.6730952.jpg,1.4762039184570312,0.5849521160125732,0.7671959400177002,0.7048625946044922,0.19972636,2242
1638859561.8096292.jpg,1.4191818237304688,0.5883493423461914,0.7613325119018555,0.71512770652771,0.16069855,2108
1638859561.8096292.jpg,1.3956637382507324,0.5404627323150635,0.7569456100463867,0.7188799381256104,0.16069855,2108
1638859561.8096292.jpg,1.634444236755371,0.6657302379608154,0.7780787944793701,0.7298152446746826,0.16069855,2108
1638859561.8096292.jpg,1.619100570678711,0.5222880840301514,0.7341616153717041,0.6928737163543701,0.16069855,2108
1638859561.8096292.jpg,2.7890892028808594,0.6270148754119873,0.7352390289306641,0.6580257415771484,0.16069855,2108
1638859078.9341002.jpg,1.5561561584472656,0.5994138717651367,0.7610986232757568,0.6948082447052002,0.42884403,2366
1638859078.9341002.jpg,1.4334728717803955,0.5855824947357178,0.766991138458252,0.7201595306396484,0.42884403,2366
1638859078.9341002.jpg,1.360668659210205,0.5213701725006104,0.7529165744781494,0.7112574577331543,0.42884403,2366
1638859078.9341002.jpg,1.414902925491333,0.5875282287597656,0.7540888786315918,0.6857953071594238,0.42884403,2366
1638859078.9341002.jpg,1.3496146202087402,0.5207879543304443,0.7647368907928467,0.723151683807373,0.42884403,2366
1638858304.9529831.jpg,1.4034099578857422,0.5828433036804199,0.7450547218322754,0.6989901065826416,0.21382701,2058
1638858304.9529831.jpg,1.3616995811462402,0.5359041690826416,0.7550556659698486,0.6897218227386475,0.21382701,2058
1638858304.9529831.jpg,1.4101848602294922,0.5890703201293945,0.7635717391967773,0.7170448303222656,0.21382701,2058
1638858304.9529831.jpg,1.3899712562561035,0.5663695335388184,0.7488100528717041,0.7074589729309082,0.21382701,2058
1638858304.9529831.jpg,1.3714754581451416,0.5670425891876221,0.7324459552764893,0.6551449298858643,0.21382701,2058
1638858288.3138113.jpg,1.4376728534698486,0.5993993282318115,0.7482504844665527,0.7068018913269043,0.0,2134
1638858288.3138113.jpg,1.3484535217285156,0.5330088138580322,0.749765157699585,0.7035892009735107,0.0,2134
1638858288.3138113.jpg,1.422459602355957,0.5906620025634766,0.7545971870422363,0.6899635791778564,0.0,2134
1638858288.3138113.jpg,1.3577096462249756,0.5269021987915039,0.7646253108978271,0.7188644409179688,0.0,2134
1638858288.3138113.jpg,1.4129819869995117,0.5957074165344238,0.7517945766448975,0.7108583450317383,0.0,2134
1638859059.827174.jpg,1.3451282978057861,0.5210719108581543,0.7613184452056885,0.6907997131347656,0.35007143,2087
1638859059.827174.jpg,1.4290666580200195,0.5999352931976318,0.7500472068786621,0.7084047794342041,0.35007143,2087
1638859059.827174.jpg,1.403803825378418,0.5429568290710449,0.7678921222686768,0.7209317684173584,0.35007143,2087
1638859059.827174.jpg,2.7048051357269287,0.5792653560638428,0.7342891693115234,0.6614670753479004,0.35007143,2087
1638859059.827174.jpg,1.3644955158233643,0.5572595596313477,0.7476708889007568,0.7010588645935059,0.35007143,2087
1638859064.133197.jpg,1.427849531173706,0.5941760540008545,0.767451286315918,0.7213172912597656,0.0,2331
1638859064.133197.jpg,1.3739914894104004,0.5365948677062988,0.7618587017059326,0.684866189956665,0.0,2331
1638859064.133197.jpg,1.4384865760803223,0.5911810398101807,0.758368968963623,0.7167038917541504,0.0,2331
1638859064.133197.jpg,1.3621525764465332,0.5250580310821533,0.7578296661376953,0.7116246223449707,0.0,2331
1638859064.133197.jpg,1.4242866039276123,0.5891611576080322,0.7674648761749268,0.7212808132171631,0.0,2331
1638859540.9344175.jpg,1.3523266315460205,0.5181002616882324,0.7695605754852295,0.6998710632324219,0.0,2033
1638859540.9344175.jpg,1.390476942062378,0.5869202613830566,0.7355685234069824,0.6942863464355469,0.0,2033
1638859540.9344175.jpg,1.6875576972961426,0.5372598171234131,1.058506965637207,1.0121772289276123,0.0,2033
1638859540.9344175.jpg,1.3543806076049805,0.5473146438598633,0.7434766292572021,0.7017145156860352,0.0,2033
1638859540.9344175.jpg,1.3940730094909668,0.5849862098693848,0.7436578273773193,0.6966145038604736,0.0,2033
1638859584.4525359.jpg,1.3768212795257568,0.5328207015991211,0.7560470104217529,0.6834664344787598,0.0,2588
1638859584.4525359.jpg,1.4123659133911133,0.5945141315460205,0.7454535961151123,0.6993014812469482,0.0,2588
1638859584.4525359.jpg,1.3420426845550537,0.5343499183654785,0.7452864646911621,0.7036664485931396,0.0,2588
1638859584.4525359.jpg,1.4618852138519287,0.5977251529693604,0.7591936588287354,0.6908149719238281,0.0,2588
1638859584.4525359.jpg,1.3968617916107178,0.5400536060333252,0.7517130374908447,0.7102835178375244,0.0,2588
1638859591.7705991.jpg,1.3987209796905518,0.5912444591522217,0.7399990558624268,0.6934812068939209,0.0,2661
1638859591.7705991.jpg,1.375962257385254,0.5642304420471191,0.7468430995941162,0.7051630020141602,0.0,2661
1638859591.7705991.jpg,1.5929768085479736,0.5836243629455566,0.7580490112304688,0.6800882816314697,0.0,2661
1638859591.7705991.jpg,1.5466864109039307,0.5909943580627441,0.7401587963104248,0.672060489654541,0.0,2661
1638859591.7705991.jpg,1.5913550853729248,0.5740413665771484,0.7656395435333252,0.6868774890899658,0.0,2661
1638859537.2908542.jpg,1.5766890048980713,0.648505687713623,0.7539412975311279,0.6887457370758057,0.15225047,2018
1638859537.2908542.jpg,1.563249111175537,0.6142878532409668,0.7594146728515625,0.6821792125701904,0.15225047,2018
1638859537.2908542.jpg,1.359497308731079,0.5455887317657471,0.7519803047180176,0.7101688385009766,0.15225047,2018
1638859537.2908542.jpg,1.3959019184112549,0.5874414443969727,0.7454595565795898,0.6928544044494629,0.15225047,2018
1638859537.2908542.jpg,1.2862811088562012,0.5224061012268066,0.7011075019836426,0.6592884063720703,0.15225047,2018
1638859569.4529705.jpg,1.4285705089569092,0.5852000713348389,0.7628986835479736,0.6942851543426514,0.17461646,2097
1638859569.4529705.jpg,1.337775468826294,0.5217678546905518,0.7502262592315674,0.6929166316986084,0.17461646,2097
1638859569.4529705.jpg,1.4129528999328613,0.585491418838501,0.7571649551391602,0.7104229927062988,0.17461646,2097
1638859569.4529705.jpg,1.3404226303100586,0.5219399929046631,0.7470343112945557,0.6746001243591309,0.17461646,2097
1638859569.4529705.jpg,1.3933608531951904,0.5870702266693115,0.7391674518585205,0.6923556327819824,0.17461646,2097
1638859588.1014383.jpg,1.350825548171997,0.5463848114013672,0.7326388359069824,0.69146728515625,0.0,2667
1638859588.1014383.jpg,1.4542932510375977,0.6021621227264404,0.7810277938842773,0.7123751640319824,0.0,2667
1638859588.1014383.jpg,1.3934838771820068,0.5783572196960449,0.7472903728485107,0.7032487392425537,0.0,2667
1638859588.1014383.jpg,1.3728721141815186,0.5615522861480713,0.7400846481323242,0.6938791275024414,0.0,2667
1638859588.1014383.jpg,1.4223284721374512,0.593576192855835,0.75754714012146,0.6892402172088623,0.0,2667
1638859521.7804093.jpg,1.353344440460205,0.5397477149963379,0.751619815826416,0.7058241367340088,0.0,2016
1638859521.7804093.jpg,1.3822460174560547,0.5854332447052002,0.7236065864562988,0.6819701194763184,0.0,2016
1638859521.7804093.jpg,2.544236898422241,0.5233218669891357,0.7584216594696045,0.6907565593719482,0.0,2016
1638859521.7804093.jpg,1.6606152057647705,0.5261821746826172,1.0667495727539062,0.7109053134918213,0.0,2016
1638859521.7804093.jpg,1.4078688621520996,0.5887622833251953,0.7504415512084961,0.6955525875091553,0.0,2016
1638859436.993507.jpg,1.37107515335083,0.5505537986755371,0.7462799549102783,0.7014808654785156,0.16263863,2338
1638859436.993507.jpg,1.403869867324829,0.5793662071228027,0.7563183307647705,0.6835942268371582,0.16263863,2338
1638859436.993507.jpg,1.4397003650665283,0.5846152305603027,0.7519006729125977,0.7100849151611328,0.16263863,2338
1638859436.993507.jpg,1.3665733337402344,0.5485138893127441,0.7539706230163574,0.707146406173706,0.16263863,2338
1638859436.993507.jpg,1.4203197956085205,0.5888233184814453,0.7623569965362549,0.6849656105041504,0.16263863,2338
1638859544.9347801.jpg,1.338561773300171,0.5238420963287354,0.743382453918457,0.6976184844970703,0.0,2000
1638859544.9347801.jpg,1.4035542011260986,0.5858564376831055,0.7536275386810303,0.707744836807251,0.0,2000
1638859544.9347801.jpg,1.358811378479004,0.526482105255127,0.7521188259124756,0.6813149452209473,0.0,2000
1638859544.9347801.jpg,1.4134423732757568,0.5929100513458252,0.748938798904419,0.7079963684082031,0.0,2000
1638859544.9347801.jpg,1.3896939754486084,0.521043062210083,0.7458226680755615,0.6999530792236328,0.0,2000
1638858315.7909262.jpg,1.4361844062805176,0.5984230041503906,0.7657198905944824,0.694037914276123,0.0,2103
1638858315.7909262.jpg,1.3904328346252441,0.5622224807739258,0.7616879940032959,0.712439775466919,0.0,2103
1638858315.7909262.jpg,1.3934452533721924,0.5653398036956787,0.762566328048706,0.7219231128692627,0.0,2103
1638858315.7909262.jpg,1.4154396057128906,0.5965690612792969,0.744767427444458,0.6747369766235352,0.0,2103
1638858315.7909262.jpg,1.3735840320587158,0.5340688228607178,0.7797536849975586,0.7310192584991455,0.0,2103
1638858333.7707064.jpg,1.4226953983306885,0.5901901721954346,0.7627377510070801,0.7161605358123779,0.15431337,2284
1638858333.7707064.jpg,1.3524093627929688,0.5255708694458008,0.7624716758728027,0.6965088844299316,0.15431337,2284
1638858333.7707064.jpg,1.4484202861785889,0.5950281620025635,0.7692966461181641,0.7225484848022461,0.15431337,2284
1638858333.7707064.jpg,1.3436837196350098,0.5261099338531494,0.7309112548828125,0.6882979869842529,0.15431337,2284
1638858333.7707064.jpg,1.5495412349700928,0.5931591987609863,0.7700815200805664,0.692950963973999,0.15431337,2284
1638859082.9124146.jpg,1.447561502456665,0.5854125022888184,0.7570340633392334,0.6848375797271729,0.0,1982
1638859082.9124146.jpg,1.4794321060180664,0.6521337032318115,0.759540319442749,0.6829745769500732,0.0,1982
1638859082.9124146.jpg,1.5760438442230225,0.6575744152069092,0.7666606903076172,0.699420690536499,0.0,1982
1638859082.9124146.jpg,1.5073707103729248,0.6762351989746094,0.7685122489929199,0.7219955921173096,0.0,1982
1638859082.9124146.jpg,1.4551262855529785,0.5934083461761475,0.7686171531677246,0.7270004749298096,0.0,1982
1638858994.7333193.jpg,1.3699243068695068,0.550567626953125,0.7477209568023682,0.7013125419616699,0.13761316,2103
1638858994.7333193.jpg,1.379615306854248,0.5848674774169922,0.7275118827819824,0.6858091354370117,0.13761316,2103
1638858994.7333193.jpg,1.381319284439087,0.5684235095977783,0.7426095008850098,0.6652812957763672,0.13761316,2103
1638858994.7333193.jpg,1.4025986194610596,0.5610795021057129,0.7684752941131592,0.7241075038909912,0.13761316,2103
1638858994.7333193.jpg,1.4358024597167969,0.5890321731567383,0.7719080448150635,0.7255942821502686,0.13761316,2103
1638859513.9043398.jpg,1.319772481918335,0.5287728309631348,0.7286334037780762,0.6874985694885254,0.0,2146
1638859513.9043398.jpg,1.4297466278076172,0.5911271572113037,0.762692928314209,0.6929616928100586,0.0,2146
1638859513.9043398.jpg,1.323570728302002,0.5246779918670654,0.7246134281158447,0.6839578151702881,0.0,2146
1638859513.9043398.jpg,2.6101019382476807,0.5898170471191406,0.7427771091461182,0.675900936126709,0.0,2146
1638859513.9043398.jpg,1.3996257781982422,0.5905773639678955,0.7439360618591309,0.6946520805358887,0.0,2146
1638859010.9028807.jpg,1.3270516395568848,0.5268559455871582,0.7354133129119873,0.6895205974578857,0.22556973,2398
1638859010.9028807.jpg,1.428532361984253,0.5950620174407959,0.75146484375,0.6870248317718506,0.22556973,2398
1638859010.9028807.jpg,1.3556513786315918,0.5449848175048828,0.7405292987823486,0.6945910453796387,0.22556973,2398
1638859010.9028807.jpg,1.3876640796661377,0.593346357345581,0.7358875274658203,0.6946313381195068,0.22556973,2398
1638859010.9028807.jpg,1.3708972930908203,0.569373369216919,0.7265326976776123,0.6554300785064697,0.22556973,2398
1638859478.6694808.jpg,1.340531349182129,0.5626034736633301,0.7178122997283936,0.6769366264343262,0.0,2047
1638859478.6694808.jpg,1.3936550617218018,0.5890522003173828,0.7352652549743652,0.690028190612793,0.0,2047
1638859478.6694808.jpg,1.3457696437835693,0.5360517501831055,0.7428100109100342,0.6708502769470215,0.0,2047
1638859478.6694808.jpg,1.405686855316162,0.587010383605957,0.751288652420044,0.7060863971710205,0.0,2047
1638859478.6694808.jpg,1.3246707916259766,0.5205800533294678,0.7437891960144043,0.7031261920928955,0.0,2047
1638858308.5180666.jpg,1.3965399265289307,0.5857443809509277,0.7354481220245361,0.6594626903533936,0.0,2027
1638858308.5180666.jpg,1.3228638172149658,0.5259971618652344,0.734699010848999,0.694312334060669,0.0,2027
1638858308.5180666.jpg,1.4153037071228027,0.5873122215270996,0.7536261081695557,0.7084689140319824,0.0,2027
1638858308.5180666.jpg,1.3396265506744385,0.5261058807373047,0.7375321388244629,0.6751530170440674,0.0,2027
1638858308.5180666.jpg,1.4060156345367432,0.6010720729827881,0.7400152683258057,0.6950936317443848,0.0,2027
1638858312.2182076.jpg,1.369903326034546,0.5412178039550781,0.7236588001251221,0.6800169944763184,0.0,2079
1638858312.2182076.jpg,1.7172691822052002,0.5877180099487305,0.7520484924316406,0.6762564182281494,0.0,2079
1638858312.2182076.jpg,1.4216554164886475,0.5882792472839355,0.7477381229400635,0.704355001449585,0.0,2079
1638858312.2182076.jpg,1.3549692630767822,0.5225858688354492,0.7456638813018799,0.7004883289337158,0.0,2079
1638858312.2182076.jpg,1.4405453205108643,0.5843613147735596,0.7622928619384766,0.6979119777679443,0.0,2079
1638859071.5206482.jpg,1.3019487857818604,0.519622802734375,0.7213044166564941,0.6760604381561279,0.0,2427
1638859071.5206482.jpg,2.6183018684387207,0.5884251594543457,0.7366251945495605,0.6650524139404297,0.0,2427
1638859071.5206482.jpg,1.7296433448791504,0.5915522575378418,1.0641493797302246,0.699984073638916,0.0,2427
1638859071.5206482.jpg,1.3854808807373047,0.5714645385742188,0.7148051261901855,0.6741652488708496,0.0,2427
1638859071.5206482.jpg,1.6492979526519775,0.627051830291748,0.7367775440216064,0.6919558048248291,0.0,2427
1638859150.8668318.jpg,1.4624731540679932,0.574359655380249,0.7229270935058594,0.6813502311706543,0.22466823,2113
1638859150.8668318.jpg,1.5621600151062012,0.5612754821777344,0.7645628452301025,0.6912202835083008,0.22466823,2113
1638859150.8668318.jpg,1.588209629058838,0.6362724304199219,0.7157802581787109,0.6447784900665283,0.22466823,2113
1638859150.8668318.jpg,1.5483460426330566,0.6166305541992188,0.737558126449585,0.6608381271362305,0.22466823,2113
1638859150.8668318.jpg,1.3363187313079834,0.5370156764984131,0.736525297164917,0.6954164505004883,0.22466823,2113
1638859460.6644094.jpg,1.3799529075622559,0.5896282196044922,0.7215826511383057,0.6763932704925537,0.0,2336
1638859460.6644094.jpg,1.294966220855713,0.526824951171875,0.7021646499633789,0.6305961608886719,0.0,2336
1638859460.6644094.jpg,1.423088550567627,0.5975780487060547,0.7464873790740967,0.7013492584228516,0.0,2336
1638859460.6644094.jpg,1.3003342151641846,0.5267448425292969,0.7101137638092041,0.6697909832000732,0.0,2336
1638859460.6644094.jpg,1.4354674816131592,0.5916030406951904,0.7619545459747314,0.6921510696411133,0.0,2336
1638859417.4746137.jpg,1.3254365921020508,0.5215620994567871,0.7387351989746094,0.6978545188903809,0.24031986,2048
1638859417.4746137.jpg,1.391305923461914,0.5844931602478027,0.7433786392211914,0.6952130794525146,0.24031986,2048
1638859417.4746137.jpg,1.3500733375549316,0.5373077392578125,0.7402851581573486,0.6713366508483887,0.24031986,2048
1638859417.4746137.jpg,1.4054627418518066,0.5988311767578125,0.7478787899017334,0.7004303932189941,0.24031986,2048
1638859417.4746137.jpg,1.6400902271270752,0.5623745918273926,1.0040867328643799,0.9627773761749268,0.24031986,2048
1638859105.054991.jpg,1.352461338043213,0.526716947555542,0.7470219135284424,0.6995830535888672,0.3449706,2212
1638859105.054991.jpg,1.38861083984375,0.5858163833618164,0.7348875999450684,0.6921141147613525,0.3449706,2212
1638859105.054991.jpg,1.3440098762512207,0.5201272964477539,0.7571110725402832,0.6761860847473145,0.3449706,2212
1638859105.054991.jpg,1.3889169692993164,0.5845193862915039,0.7352440357208252,0.6943304538726807,0.3449706,2212
1638859105.054991.jpg,1.350433588027954,0.5215029716491699,0.750969648361206,0.7000350952148438,0.3449706,2212
1638858991.16463.jpg,1.403533935546875,0.5908031463623047,0.7429533004760742,0.6779866218566895,0.0,2184
1638858991.16463.jpg,2.6014537811279297,0.5297048091888428,0.7486276626586914,0.6682429313659668,0.0,2184
1638858991.16463.jpg,1.3340826034545898,0.5440738201141357,0.7192299365997314,0.6789824962615967,0.0,2184
1638858991.16463.jpg,1.4024388790130615,0.5927941799163818,0.7277007102966309,0.6809566020965576,0.0,2184
1638858991.16463.jpg,1.378725290298462,0.562293529510498,0.7429451942443848,0.6715602874755859,0.0,2184
1638859022.0452528.jpg,1.3769965171813965,0.5681886672973633,0.7449142932891846,0.6952052116394043,0.12773824,2368
1638859022.0452528.jpg,1.3846290111541748,0.5923192501068115,0.7236859798431396,0.6827390193939209,0.12773824,2368
1638859022.0452528.jpg,1.3075671195983887,0.5471348762512207,0.6864533424377441,0.6393980979919434,0.12773824,2368
1638859022.0452528.jpg,1.4124226570129395,0.5907981395721436,0.748316764831543,0.6795368194580078,0.12773824,2368
1638859022.0452528.jpg,1.3360505104064941,0.5284757614135742,0.7226223945617676,0.6753053665161133,0.12773824,2368
1638859014.7957647.jpg,1.3887598514556885,0.5903232097625732,0.7274458408355713,0.6861190795898438,0.0,2399
1638859014.7957647.jpg,1.3542773723602295,0.5271999835968018,0.7632310390472412,0.6911354064941406,0.0,2399
1638859014.7957647.jpg,1.399857997894287,0.5993592739105225,0.734555721282959,0.6889286041259766,0.0,2399
1638859014.7957647.jpg,1.3311536312103271,0.5277409553527832,0.737673282623291,0.6900663375854492,0.0,2399
1638859014.7957647.jpg,1.405005693435669,0.5958800315856934,0.7385401725769043,0.676335334777832,0.0,2399
1638859025.728633.jpg,1.346311330795288,0.5420935153961182,0.7357015609741211,0.687697172164917,0.0,2338
1638859025.728633.jpg,1.367969036102295,0.593231201171875,0.713144063949585,0.6728556156158447,0.0,2338
1638859025.728633.jpg,1.3881258964538574,0.5628674030303955,0.751255989074707,0.6713008880615234,0.0,2338
1638859025.728633.jpg,1.38525390625,0.5722084045410156,0.7411255836486816,0.6993007659912109,0.0,2338
1638859025.728633.jpg,1.3942861557006836,0.5926580429077148,0.7358353137969971,0.6874697208404541,0.0,2338
1638859097.8522763.jpg,2.6145670413970947,0.5383498668670654,0.7373335361480713,0.6658339500427246,0.0,2229
1638859097.8522763.jpg,1.4736592769622803,0.533128023147583,0.7487363815307617,0.6686916351318359,0.0,2229
1638859097.8522763.jpg,3.163898468017578,0.6606564521789551,0.7324976921081543,0.6614866256713867,0.0,2229
1638859097.8522763.jpg,1.6780858039855957,0.6473193168640137,0.7528183460235596,0.6793169975280762,0.0,2229
1638859097.8522763.jpg,1.4417171478271484,0.5936291217803955,0.7733719348907471,0.7331008911132812,0.0,2229
1638859491.2398384.jpg,1.3213837146759033,0.5218219757080078,0.7389826774597168,0.6917695999145508,0.23579141,2321
1638859491.2398384.jpg,1.3819620609283447,0.5914673805236816,0.7242512702941895,0.6833939552307129,0.23579141,2321
1638859491.2398384.jpg,1.3400757312774658,0.5301830768585205,0.7398948669433594,0.6597750186920166,0.23579141,2321
1638859491.2398384.jpg,1.398305892944336,0.5886781215667725,0.7441174983978271,0.7027773857116699,0.23579141,2321
1638859491.2398384.jpg,1.2998278141021729,0.5238549709320068,0.7161855697631836,0.6690139770507812,0.23579141,2321
1638858275.280067.jpg,1.4066188335418701,0.5922513008117676,0.7461397647857666,0.6762199401855469,0.0,2203
1638858275.280067.jpg,1.8587946891784668,0.5343389511108398,0.7618670463562012,0.6905839443206787,0.0,2203
1638858275.280067.jpg,1.3247005939483643,0.5337779521942139,0.7311413288116455,0.6902637481689453,0.0,2203
1638858275.280067.jpg,1.3775300979614258,0.5849759578704834,0.7263972759246826,0.6789429187774658,0.0,2203
1638858275.280067.jpg,1.3349335193634033,0.5192971229553223,0.7488186359405518,0.6830868721008301,0.0,2203
1638859032.907558.jpg,1.4068717956542969,0.583848237991333,0.7480490207672119,0.7007992267608643,0.0,2270
1638859032.907558.jpg,1.3023030757904053,0.5255701541900635,0.7131242752075195,0.6729123592376709,0.0,2270
1638859032.907558.jpg,1.392995834350586,0.585442304611206,0.7365918159484863,0.667201042175293,0.0,2270
1638859032.907558.jpg,1.3309385776519775,0.5235018730163574,0.736414909362793,0.6955440044403076,0.0,2270
1638859032.907558.jpg,1.4114506244659424,0.590015172958374,0.7534687519073486,0.6833453178405762,0.0,2270
1638859382.698106.jpg,1.32198166847229,0.5359466075897217,0.7192256450653076,0.6768643856048584,0.259854,2220
1638859382.698106.jpg,1.3817570209503174,0.5884292125701904,0.7286863327026367,0.6813414096832275,0.259854,2220
1638859382.698106.jpg,1.363415002822876,0.5603363513946533,0.7237260341644287,0.6519477367401123,0.259854,2220
1638859382.698106.jpg,1.3639473915100098,0.5708835124969482,0.7296340465545654,0.6823887825012207,0.259854,2220
1638859382.698106.jpg,1.3647451400756836,0.5849893093109131,0.7138104438781738,0.6730327606201172,0.259854,2220
1638858300.450434.jpg,1.3792788982391357,0.5473296642303467,0.7490923404693604,0.6765658855438232,0.1513363,2019
1638858300.450434.jpg,1.4035186767578125,0.5859413146972656,0.753288745880127,0.7119414806365967,0.1513363,2019
1638858300.450434.jpg,1.3100900650024414,0.5234072208404541,0.7232444286346436,0.6754283905029297,0.1513363,2019
1638858300.450434.jpg,1.3942737579345703,0.5866081714630127,0.7357363700866699,0.6633415222167969,0.1513363,2019
1638858300.450434.jpg,1.3228178024291992,0.521867036819458,0.7320773601531982,0.6824972629547119,0.1513363,2019
1638859018.3966541.jpg,1.4127535820007324,0.5929689407348633,0.7352354526519775,0.694267988204956,0.20794605,2368
1638859018.3966541.jpg,1.3624982833862305,0.5242738723754883,0.7733373641967773,0.6923341751098633,0.20794605,2368
1638859018.3966541.jpg,1.4015116691589355,0.5899498462677002,0.742694616317749,0.701448917388916,0.20794605,2368
1638859018.3966541.jpg,1.343266487121582,0.5354418754577637,0.7383348941802979,0.6907107830047607,0.20794605,2368
1638859018.3966541.jpg,1.4394025802612305,0.5904064178466797,0.7489423751831055,0.6847109794616699,0.20794605,2368
1638859509.741117.jpg,1.3695931434631348,0.5673305988311768,0.7354025840759277,0.6883704662322998,0.0,2117
1638859509.741117.jpg,1.350400447845459,0.5692214965820312,0.7182471752166748,0.6774952411651611,0.0,2117
1638859509.741117.jpg,1.431333303451538,0.5918052196502686,0.764967679977417,0.6844756603240967,0.0,2117
1638859509.741117.jpg,1.3431346416473389,0.5371639728546143,0.7428591251373291,0.6976075172424316,0.0,2117
1638859509.741117.jpg,1.3989477157592773,0.5884401798248291,0.7436549663543701,0.6964621543884277,0.0,2117
1638859132.3518987.jpg,1.371248722076416,0.5239477157592773,0.7439463138580322,0.6848673820495605,0.33956432,2269
1638859132.3518987.jpg,1.592308759689331,0.589043140411377,0.7689929008483887,0.6947624683380127,0.33956432,2269
1638859132.3518987.jpg,1.561352014541626,0.5326838493347168,0.7376325130462646,0.6656599044799805,0.33956432,2269
1638859132.3518987.jpg,1.5833935737609863,0.6194887161254883,0.7133026123046875,0.6399080753326416,0.33956432,2269
1638859132.3518987.jpg,1.5886125564575195,0.6374905109405518,0.7372980117797852,0.6653165817260742,0.33956432,2269
1638858330.1484354.jpg,1.553957223892212,0.5651226043701172,0.7530674934387207,0.6726975440979004,0.2858571,1877
1638858330.1484354.jpg,1.3940799236297607,0.5865163803100586,0.7330689430236816,0.6907923221588135,0.2858571,1877
1638858330.1484354.jpg,1.6235859394073486,0.5359447002410889,0.721604585647583,0.6416492462158203,0.2858571,1877
1638858330.1484354.jpg,1.3586843013763428,0.5622086524963379,0.7336714267730713,0.693300724029541,0.2858571,1877
1638858330.1484354.jpg,1.3868849277496338,0.6000881195068359,0.7173941135406494,0.6706576347351074,0.2858571,1877
1638859108.6449215.jpg,1.3418374061584473,0.5319576263427734,0.7415168285369873,0.6791214942932129,0.81159997,2163
1638859108.6449215.jpg,1.406632661819458,0.5789132118225098,0.7615971565246582,0.7142395973205566,0.81159997,2163
1638859108.6449215.jpg,1.3075528144836426,0.5225579738616943,0.7247979640960693,0.6850197315216064,0.81159997,2163
1638859108.6449215.jpg,1.3803210258483887,0.5805270671844482,0.7281136512756348,0.6475033760070801,0.81159997,2163
1638859108.6449215.jpg,1.3497991561889648,0.5200788974761963,0.7476894855499268,0.7104268074035645,0.81159997,2163
1638859136.0278258.jpg,2.7977445125579834,0.5865602493286133,0.7729706764221191,0.699509859085083,0.1658831,2232
1638859136.0278258.jpg,1.4058809280395508,0.5957002639770508,0.7365872859954834,0.6991877555847168,0.1658831,2232
1638859136.0278258.jpg,1.3617939949035645,0.5492465496063232,0.7421693801879883,0.6951441764831543,0.1658831,2232
1638859136.0278258.jpg,1.3507771492004395,0.5800073146820068,0.7087442874908447,0.6715724468231201,0.1658831,2232
1638859136.0278258.jpg,1.383164882659912,0.570460319519043,0.7369577884674072,0.6567308902740479,0.1658831,2232
1638859140.007508.jpg,1.3613042831420898,0.5551478862762451,0.7327847480773926,0.6951115131378174,0.2648892,2206
1638859140.007508.jpg,1.380897045135498,0.5841240882873535,0.7320029735565186,0.6843128204345703,0.2648892,2206
1638859140.007508.jpg,1.3366785049438477,0.5323727130889893,0.7326643466949463,0.6716485023498535,0.2648892,2206
1638859140.007508.jpg,1.4003958702087402,0.5872550010681152,0.7449085712432861,0.6975595951080322,0.2648892,2206
1638859140.007508.jpg,1.2990589141845703,0.5228970050811768,0.702606201171875,0.6650006771087646,0.2648892,2206
1638858972.7726066.jpg,1.4139456748962402,0.5866842269897461,0.755608320236206,0.6749849319458008,0.29838344,2429
1638858972.7726066.jpg,2.390639305114746,0.5236790180206299,0.715688943862915,0.6472084522247314,0.29838344,2429
1638858972.7726066.jpg,2.640373468399048,0.5293517112731934,0.7610986232757568,0.6888608932495117,0.29838344,2429
1638858972.7726066.jpg,1.326183795928955,0.5232548713684082,0.7404994964599609,0.7028524875640869,0.29838344,2429
1638858972.7726066.jpg,1.3726184368133545,0.5892252922058105,0.7149155139923096,0.6675167083740234,0.29838344,2429
1638858326.5549517.jpg,1.3307204246520996,0.5161569118499756,0.7501299381256104,0.6875066757202148,0.0,1576
1638858326.5549517.jpg,1.4094207286834717,0.5799722671508789,0.7577753067016602,0.7108209133148193,0.0,1576
1638858326.5549517.jpg,1.315943956375122,0.5291037559509277,0.7139606475830078,0.6768519878387451,0.0,1576
1638858326.5549517.jpg,1.3904037475585938,0.5812172889709473,0.7408621311187744,0.667560338973999,0.0,1576
1638858326.5549517.jpg,1.3539223670959473,0.5451056957244873,0.7358500957489014,0.6989247798919678,0.0,1576
1638859400.6757352.jpg,1.3341724872589111,0.5685653686523438,0.7029454708099365,0.6555759906768799,0.0,1957
1638859400.6757352.jpg,1.3938250541687012,0.570746660232544,0.7551040649414062,0.6864948272705078,0.0,1957
1638859400.6757352.jpg,1.3526175022125244,0.5532107353210449,0.7372753620147705,0.6901266574859619,0.0,1957
1638859400.6757352.jpg,1.3798508644104004,0.5832221508026123,0.7181215286254883,0.6802995204925537,0.0,1957
1638859400.6757352.jpg,1.3542306423187256,0.529667854309082,0.748443603515625,0.6777267456054688,0.0,1957
1638859428.7807984.jpg,1.4341144561767578,0.5815083980560303,0.7238056659698486,0.6860783100128174,0.0,1935
1638859428.7807984.jpg,1.668529748916626,0.5180690288543701,1.0469517707824707,0.9994668960571289,0.0,1935
1638859428.7807984.jpg,1.5139904022216797,0.583768367767334,0.7396032810211182,0.7020704746246338,0.0,1935
1638859428.7807984.jpg,1.4434902667999268,0.6586494445800781,0.7126343250274658,0.6340413093566895,0.0,1935
1638859428.7807984.jpg,1.5874338150024414,0.5985913276672363,0.7556304931640625,0.6868982315063477,0.0,1935
1638859370.2894099.jpg,1.5483660697937012,0.6628766059875488,0.7532896995544434,0.6727719306945801,0.0,2266
1638859370.2894099.jpg,1.3212206363677979,0.5258839130401611,0.7330038547515869,0.6950535774230957,0.0,2266
1638859370.2894099.jpg,1.418196678161621,0.5971951484680176,0.7532854080200195,0.703864574432373,0.0,2266
1638859370.2894099.jpg,1.352813482284546,0.525007963180542,0.7552306652069092,0.691748857498169,0.0,2266
1638859370.2894099.jpg,1.4099419116973877,0.5893332958221436,0.7478804588317871,0.7003641128540039,0.0,2266
1638859580.7838762.jpg,1.3176417350769043,0.544212818145752,0.7038366794586182,0.6666145324707031,0.0,2118
1638859580.7838762.jpg,1.369847297668457,0.5749504566192627,0.7302002906799316,0.6539816856384277,0.0,2118
1638859580.7838762.jpg,1.3791861534118652,0.5636615753173828,0.7392868995666504,0.7017116546630859,0.0,2118
1638859580.7838762.jpg,1.368164300918579,0.5521488189697266,0.7501697540283203,0.7029945850372314,0.0,2118
1638859580.7838762.jpg,1.3787081241607666,0.5795896053314209,0.7310001850128174,0.6690974235534668,0.0,2118
1638859397.0863261.jpg,1.36240816116333,0.530566930770874,0.7435109615325928,0.696251392364502,0.71701926,1917
1638859397.0863261.jpg,1.772085189819336,0.5757322311401367,1.1243696212768555,0.6883392333984375,0.71701926,1917
1638859397.0863261.jpg,1.3075518608093262,0.5141451358795166,0.7256238460540771,0.6782283782958984,0.71701926,1917
1638859397.0863261.jpg,1.3899321556091309,0.5758905410766602,0.7457315921783447,0.6727755069732666,0.71701926,1917
1638859397.0863261.jpg,1.3316636085510254,0.5365967750549316,0.7253971099853516,0.6784889698028564,0.71701926,1917
1638859474.214695.jpg,1.3847007751464844,0.5831310749053955,0.7254359722137451,0.6848113536834717,0.0,2271
1638859474.214695.jpg,1.4210364818572998,0.5676875114440918,0.7616291046142578,0.688295841217041,0.0,2271
1638859474.214695.jpg,1.3683421611785889,0.5571718215942383,0.7507078647613525,0.709942102432251,0.0,2271
1638859474.214695.jpg,1.3951866626739502,0.5881991386413574,0.7306652069091797,0.6834135055541992,0.0,2271
1638859474.214695.jpg,1.3289246559143066,0.5309348106384277,0.7279384136199951,0.6563470363616943,0.0,2271
1638859558.1651623.jpg,1.4042327404022217,0.5869560241699219,0.7496273517608643,0.7028443813323975,0.0,2048
1638859558.1651623.jpg,1.3326923847198486,0.5224368572235107,0.7437851428985596,0.7031974792480469,0.0,2048
1638859558.1651623.jpg,1.4141125679016113,0.5884692668914795,0.7476074695587158,0.6676514148712158,0.0,2048
1638859558.1651623.jpg,1.3498282432556152,0.5240848064422607,0.7535626888275146,0.7129952907562256,0.0,2048
1638859558.1651623.jpg,1.7425568103790283,0.5845773220062256,0.7528340816497803,0.6835343837738037,0.0,2048
1638859470.554894.jpg,2.7331111431121826,0.5750064849853516,0.7317180633544922,0.6601693630218506,0.0,2306
1638859470.554894.jpg,1.4226574897766113,0.593372106552124,0.7396659851074219,0.6926798820495605,0.0,2306
1638859470.554894.jpg,1.3180909156799316,0.5314579010009766,0.7245275974273682,0.683912992477417,0.0,2306
1638859470.554894.jpg,1.3925399780273438,0.5900170803070068,0.7327890396118164,0.6526567935943604,0.0,2306
1638859470.554894.jpg,1.3406836986541748,0.5304501056671143,0.7445018291473389,0.7039971351623535,0.0,2306
1638859143.648061.jpg,1.4264733791351318,0.583003044128418,0.7602238655090332,0.7120206356048584,0.33555698,2226
1638859143.648061.jpg,1.3127715587615967,0.5289566516876221,0.7160062789916992,0.6535859107971191,0.33555698,2226
1638859143.648061.jpg,1.417102575302124,0.6187586784362793,0.7317142486572266,0.6807856559753418,0.33555698,2226
1638859143.648061.jpg,1.3236925601959229,0.5296175479888916,0.7211563587188721,0.6831076145172119,0.33555698,2226
1638859143.648061.jpg,1.4174983501434326,0.5909969806671143,0.7529947757720947,0.6843421459197998,0.33555698,2226
1638859404.5890343.jpg,1.360936164855957,0.5565464496612549,0.708641529083252,0.6701004505157471,0.0,2087
1638859404.5890343.jpg,1.361496925354004,0.5770142078399658,0.7262458801269531,0.679206371307373,0.0,2087
1638859404.5890343.jpg,1.4946095943450928,0.57808518409729,0.7376599311828613,0.675499677658081,0.0,2087
1638859404.5890343.jpg,1.9122257232666016,0.5408656597137451,0.7615785598754883,0.6810274124145508,0.0,2087
1638859404.5890343.jpg,1.5883593559265137,0.6431295871734619,0.7415030002593994,0.6779286861419678,0.0,2087
1638859043.7611094.jpg,1.584392786026001,0.6157848834991455,0.7548418045043945,0.6743159294128418,0.19252257,2561
1638859043.7611094.jpg,1.5326061248779297,0.5901238918304443,0.7334680557250977,0.6647758483886719,0.19252257,2561
1638859043.7611094.jpg,1.4011130332946777,0.5928142070770264,0.7412798404693604,0.692802906036377,0.19252257,2561
1638859043.7611094.jpg,1.3397855758666992,0.5258431434631348,0.7334651947021484,0.6954586505889893,0.19252257,2561
1638859043.7611094.jpg,1.4215896129608154,0.5908043384552002,0.7634131908416748,0.6897621154785156,0.19252257,2561
1638859440.6666799.jpg,1.3369264602661133,0.5264158248901367,0.7412819862365723,0.7040691375732422,0.211912,2320
1638859440.6666799.jpg,1.4086284637451172,0.5905721187591553,0.7534153461456299,0.7061145305633545,0.211912,2320
1638859440.6666799.jpg,1.372434139251709,0.5506596565246582,0.750070333480835,0.6899387836456299,0.211912,2320
1638859440.6666799.jpg,1.392591953277588,0.5857892036437988,0.7476911544799805,0.7004213333129883,0.211912,2320
1638859440.6666799.jpg,1.387709617614746,0.5781271457672119,0.7324233055114746,0.6948089599609375,0.211912,2320
1638859029.3403072.jpg,1.3587443828582764,0.5549626350402832,0.7361457347869873,0.6644389629364014,0.0,1836
1638859029.3403072.jpg,1.3928678035736084,0.5971338748931885,0.7295694351196289,0.6920371055603027,0.0,1836
1638859029.3403072.jpg,2.5787439346313477,0.5345816612243652,0.7249190807342529,0.6451494693756104,0.0,1836
1638859029.3403072.jpg,1.3306434154510498,0.5265657901763916,0.7320921421051025,0.6950554847717285,0.0,1836
1638859029.3403072.jpg,1.3955936431884766,0.5947692394256592,0.7308506965637207,0.6787855625152588,0.0,1836
1638858295.4193494.jpg,1.3344192504882812,0.5259356498718262,0.7405798435211182,0.6772713661193848,0.0,2043
1638858295.4193494.jpg,1.4274044036865234,0.5952150821685791,0.7608575820922852,0.7126195430755615,0.0,2043
1638858295.4193494.jpg,1.3083045482635498,0.5233669281005859,0.7245831489562988,0.674114465713501,0.0,2043
1638858295.4193494.jpg,1.3831439018249512,0.5888049602508545,0.7263572216033936,0.6525735855102539,0.0,2043
1638858295.4193494.jpg,1.3219125270843506,0.5380618572235107,0.7197952270507812,0.6825520992279053,0.0,2043
1638858983.730413.jpg,2.6060986518859863,0.5860321521759033,0.7484643459320068,0.6724972724914551,0.0,2200
1638858983.730413.jpg,1.4087066650390625,0.5968310832977295,0.741234540939331,0.7002859115600586,0.0,2200
1638858983.730413.jpg,1.3602383136749268,0.564049243927002,0.71921706199646,0.674321174621582,0.0,2200
1638858983.730413.jpg,1.5705106258392334,0.5700695514678955,0.7365550994873047,0.6681840419769287,0.0,2200
1638858983.730413.jpg,1.3995952606201172,0.595710039138794,0.7381348609924316,0.6908905506134033,0.0,2200
1638858267.8130226.jpg,1.3204882144927979,0.5341079235076904,0.7157819271087646,0.6781387329101562,0.0,2295
1638858267.8130226.jpg,1.4365613460540771,0.5879600048065186,0.7297108173370361,0.6594133377075195,0.0,2295
1638858267.8130226.jpg,1.3095669746398926,0.5302629470825195,0.706357479095459,0.6685705184936523,0.0,2295
1638858267.8130226.jpg,1.4118432998657227,0.5935602188110352,0.7412064075469971,0.6648106575012207,0.0,2295
1638858267.8130226.jpg,1.3248257637023926,0.5222127437591553,0.7188167572021484,0.6812443733215332,0.0,2295
1638859117.2782512.jpg,1.3903989791870117,0.5714046955108643,0.7523462772369385,0.7061367034912109,0.13838859,1935
1638859117.2782512.jpg,1.3284788131713867,0.525709867477417,0.7318422794342041,0.6683480739593506,0.13838859,1935
1638859117.2782512.jpg,1.392474889755249,0.5741226673126221,0.7263169288635254,0.6801848411560059,0.13838859,1935
1638859117.2782512.jpg,1.4120709896087646,0.5536139011383057,0.7313747406005859,0.6935982704162598,0.13838859,1935
1638859117.2782512.jpg,5.067303419113159,0.5478806495666504,0.7209112644195557,0.6447317600250244,0.13838859,1935
1638859389.9061172.jpg,1.528909683227539,0.5605885982513428,0.7471432685852051,0.7012290954589844,0.15096053,1982
1638859389.9061172.jpg,1.5427470207214355,0.5812878608703613,0.7681879997253418,0.7220625877380371,0.15096053,1982
1638859389.9061172.jpg,1.4339933395385742,0.5901846885681152,0.7282564640045166,0.6585736274719238,0.15096053,1982
1638859389.9061172.jpg,1.5345325469970703,0.6540915966033936,0.7455332279205322,0.6978552341461182,0.15096053,1982
1638859389.9061172.jpg,1.6219828128814697,0.5826888084411621,0.724374532699585,0.6557314395904541,0.15096053,1982
1638858987.4828706.jpg,1.4640765190124512,0.6423776149749756,0.7556242942810059,0.6847455501556396,0.0,2173
1638858987.4828706.jpg,1.377392292022705,0.593869686126709,0.7135095596313477,0.6767194271087646,0.0,2173
1638858987.4828706.jpg,1.3097424507141113,0.5349917411804199,0.7019126415252686,0.6565704345703125,0.0,2173
1638858987.4828706.jpg,1.4203693866729736,0.5886313915252686,0.7311313152313232,0.6627602577209473,0.0,2173
1638858987.4828706.jpg,1.3128061294555664,0.522958517074585,0.726813793182373,0.6812083721160889,0.0,2173
1638859552.600354.jpg,1.3747692108154297,0.5797083377838135,0.7276875972747803,0.690535306930542,0.0,2008
1638859552.600354.jpg,1.3321900367736816,0.5169973373413086,0.7393717765808105,0.6654775142669678,0.0,2008
1638859552.600354.jpg,1.3755769729614258,0.5851912498474121,0.7125718593597412,0.6749849319458008,0.0,2008
1638859552.600354.jpg,1.302065134048462,0.5198683738708496,0.7201144695281982,0.6749000549316406,0.0,2008
1638859552.600354.jpg,1.465083122253418,0.5883643627166748,0.7242956161499023,0.6561710834503174,0.0,2008
1638859453.1102674.jpg,2.521556854248047,0.5529155731201172,0.7295386791229248,0.6538100242614746,0.31426194,2154
1638859453.1102674.jpg,1.68231201171875,0.5410013198852539,0.7333433628082275,0.6646082401275635,0.31426194,2154
1638859453.1102674.jpg,1.3429017066955566,0.5419552326202393,0.7302658557891846,0.6849515438079834,0.31426194,2154
1638859453.1102674.jpg,1.403625726699829,0.584463357925415,0.7201437950134277,0.6822891235351562,0.31426194,2154
1638859453.1102674.jpg,1.3193097114562988,0.5301203727722168,0.7205407619476318,0.6453673839569092,0.31426194,2154
1638859007.2327726.jpg,1.3907909393310547,0.588179349899292,0.7304184436798096,0.6927444934844971,0.0,2311
1638859007.2327726.jpg,1.3541467189788818,0.5262815952301025,0.7477397918701172,0.7020831108093262,0.0,2311
1638859007.2327726.jpg,1.3764088153839111,0.5963304042816162,0.7071259021759033,0.6383912563323975,0.0,2311
1638859007.2327726.jpg,1.3226025104522705,0.5258772373199463,0.7129793167114258,0.666356086730957,0.0,2311
1638859007.2327726.jpg,1.3733484745025635,0.591907262802124,0.7118501663208008,0.6742050647735596,0.0,2311
1638859595.453537.jpg,2.592867136001587,0.5352282524108887,0.7398991584777832,0.6588146686553955,0.0,2547
1638859595.453537.jpg,1.387885332107544,0.5387070178985596,0.7419703006744385,0.7042419910430908,0.0,2547
1638859595.453537.jpg,1.4069254398345947,0.5955321788787842,0.7478594779968262,0.7008237838745117,0.0,2547
1638859595.453537.jpg,1.6504015922546387,0.5687761306762695,1.0154309272766113,0.9771087169647217,0.0,2547
1638859595.453537.jpg,1.3401250839233398,0.5363509654998779,0.7424831390380859,0.6948461532592773,0.0,2547
1638858338.2746873.jpg,2.6392834186553955,0.5881729125976562,0.730043888092041,0.6686022281646729,0.0,2292
1638858338.2746873.jpg,1.3952722549438477,0.5852541923522949,0.7412428855895996,0.6970176696777344,0.0,2292
1638858338.2746873.jpg,1.3327622413635254,0.5244872570037842,0.7172517776489258,0.6798031330108643,0.0,2292
1638858338.2746873.jpg,1.4095492362976074,0.5893771648406982,0.7442052364349365,0.677617073059082,0.0,2292
1638858338.2746873.jpg,1.3576853275299072,0.5326282978057861,0.7328832149505615,0.6950540542602539,0.0,2292
1638859002.9162307.jpg,1.3926889896392822,0.5796670913696289,0.7474052906036377,0.699988842010498,0.842815,2137
1638859002.9162307.jpg,1.3756332397460938,0.5356612205505371,0.7554218769073486,0.6939539909362793,0.842815,2137
1638859002.9162307.jpg,1.4142420291900635,0.5808839797973633,0.7507178783416748,0.7031047344207764,0.842815,2137
1638859002.9162307.jpg,1.518779993057251,0.5653612613677979,0.7348237037658691,0.6970937252044678,0.842815,2137
1638859002.9162307.jpg,1.3337149620056152,0.5361969470977783,0.7311902046203613,0.6503582000732422,0.842815,2137
1638858271.5123212.jpg,1.5991129875183105,0.6718237400054932,0.7621338367462158,0.6868312358856201,0.0,2254
1638858271.5123212.jpg,1.6275780200958252,0.5216431617736816,0.7334809303283691,0.6529691219329834,0.0,2254
1638858271.5123212.jpg,2.785367727279663,0.6503589153289795,0.7342567443847656,0.6659555435180664,0.0,2254
1638858271.5123212.jpg,1.5595777034759521,0.6181888580322266,0.7430424690246582,0.6628143787384033,0.0,2254
1638858271.5123212.jpg,1.3848588466644287,0.5863296985626221,0.7311856746673584,0.6939558982849121,0.0,2254
1638859413.3039086.jpg,1.4125983715057373,0.5393788814544678,0.7540080547332764,0.7069399356842041,0.0,2084
1638859413.3039086.jpg,1.3890457153320312,0.5852117538452148,0.7378668785095215,0.6771130561828613,0.0,2084
1638859413.3039086.jpg,1.3368785381317139,0.520662784576416,0.7370383739471436,0.6900744438171387,0.0,2084
1638859413.3039086.jpg,1.421614408493042,0.5852415561676025,0.7270205020904541,0.6896476745605469,0.0,2084
1638859413.3039086.jpg,1.33469557762146,0.5208649635314941,0.749553918838501,0.6694686412811279,0.0,2084
1638859086.5885167.jpg,1.4005653858184814,0.5916917324066162,0.7226467132568359,0.6825220584869385,0.0,2365
1638859086.5885167.jpg,1.3632144927978516,0.5472466945648193,0.7466387748718262,0.6994085311889648,0.0,2365
1638859086.5885167.jpg,1.417823314666748,0.5885887145996094,0.7544033527374268,0.6925592422485352,0.0,2365
1638859086.5885167.jpg,1.4114954471588135,0.5791571140289307,0.7406775951385498,0.6936404705047607,0.0,2365
1638859086.5885167.jpg,1.3523852825164795,0.5592207908630371,0.7255687713623047,0.6881108283996582,0.0,2365
1638859101.4540179.jpg,1.4383735656738281,0.585784912109375,0.7816727161407471,0.7012312412261963,0.13696669,2209
1638859101.4540179.jpg,1.326383352279663,0.5193943977355957,0.7394654750823975,0.7012066841125488,0.13696669,2209
1638859101.4540179.jpg,1.3919591903686523,0.591017484664917,0.7275054454803467,0.6798768043518066,0.13696669,2209
1638859101.4540179.jpg,1.3460841178894043,0.5231144428253174,0.7561173439025879,0.6948709487915039,0.13696669,2209
1638859101.4540179.jpg,1.3832652568817139,0.5864408016204834,0.7322900295257568,0.6848852634429932,0.13696669,2209
1638859036.5698588.jpg,1.2797513008117676,0.5236306190490723,0.6924536228179932,0.6539778709411621,0.17062959,2479
1638859036.5698588.jpg,1.4189238548278809,0.5913286209106445,0.756070613861084,0.6751573085784912,0.17062959,2479
1638859036.5698588.jpg,1.343022108078003,0.5307507514953613,0.7473394870758057,0.7008368968963623,0.17062959,2479
1638859036.5698588.jpg,1.4036977291107178,0.5908033847808838,0.7455484867095947,0.6948986053466797,0.17062959,2479
1638859036.5698588.jpg,4.932943105697632,0.5703833103179932,0.737666130065918,0.674353837966919,0.17062959,2479
1638859483.8107712.jpg,1.3710300922393799,0.5352606773376465,0.7613458633422852,0.7138679027557373,0.0,2249
1638859483.8107712.jpg,1.3849008083343506,0.5894956588745117,0.7265760898590088,0.6893625259399414,0.0,2249
1638859483.8107712.jpg,1.377227783203125,0.5604314804077148,0.7447245121002197,0.6723575592041016,0.0,2249
1638859483.8107712.jpg,1.3782107830047607,0.5709905624389648,0.7356066703796387,0.6977200508117676,0.0,2249
1638859483.8107712.jpg,1.3777046203613281,0.590125322341919,0.7214009761810303,0.6745445728302002,0.0,2249
