1638858998.8664625.jpg,1.0680038928985596,0.27511048316955566,0.731400728225708,0.6797373294830322
1638858998.8664625.jpg,1.0646657943725586,0.3142859935760498,0.6869106292724609,0.6373462677001953
1638858998.8664625.jpg,1.0826594829559326,0.2761843204498291,0.746701717376709,0.7022852897644043
1638858998.8664625.jpg,1.0784447193145752,0.3117079734802246,0.7008094787597656,0.6511993408203125
1638858998.8664625.jpg,1.1012134552001953,0.308610200881958,0.7315645217895508,0.6888594627380371
1638859386.3183892.jpg,1.163395881652832,0.29571032524108887,0.7000808715820312,0.6502745151519775
1638859386.3183892.jpg,1.092498540878296,0.31513094902038574,0.711540699005127,0.6651110649108887
1638859386.3183892.jpg,1.03715181350708,0.28147101402282715,0.6926050186157227,0.6403942108154297
1638859386.3183892.jpg,1.1214711666107178,0.3121471405029297,0.7434031963348389,0.6969506740570068
1638859386.3183892.jpg,1.0675346851348877,0.28337907791137695,0.7045130729675293,0.6586599349975586
1638858284.6405256.jpg,1.1042773723602295,0.31874585151672363,0.7196054458618164,0.6689348220825195
1638858284.6405256.jpg,1.0863702297210693,0.3057279586791992,0.7195229530334473,0.661609411239624
1638858284.6405256.jpg,1.0740084648132324,0.3069911003112793,0.701967716217041,0.6494817733764648
1638858284.6405256.jpg,1.098722219467163,0.3170030117034912,0.7169175148010254,0.6650276184082031
1638858284.6405256.jpg,1.0462167263031006,0.28821611404418945,0.6969790458679199,0.6509139537811279
1638859466.8908947.jpg,2.450464963912964,0.31485867500305176,0.763725996017456,0.6828866004943848
1638859466.8908947.jpg,1.0937354564666748,0.32070207595825195,0.7101845741271973,0.668020486831665
1638859466.8908947.jpg,1.0628585815429688,0.2852590084075928,0.7163677215576172,0.6673557758331299
1638859466.8908947.jpg,1.0772943496704102,0.3208577632904053,0.6889708042144775,0.6458499431610107
1638859466.8908947.jpg,2.3602230548858643,0.3300647735595703,0.7311277389526367,0.6536464691162109
1638859448.1750998.jpg,1.1183042526245117,0.3235437870025635,0.7285850048065186,0.6817686557769775
1638859448.1750998.jpg,1.0742113590240479,0.2811892032623291,0.7336513996124268,0.6781718730926514
1638859448.1750998.jpg,1.0786256790161133,0.3194761276245117,0.6936361789703369,0.6424746513366699
1638859448.1750998.jpg,1.0755581855773926,0.28089404106140137,0.7295002937316895,0.6731421947479248
1638859448.1750998.jpg,1.069791555404663,0.316727876663208,0.683635950088501,0.6420340538024902
1638859067.8408415.jpg,1.1125562191009521,0.30451488494873047,0.7498066425323486,0.696077823638916
1638859067.8408415.jpg,1.487694501876831,0.31154513359069824,0.7943782806396484,0.6888799667358398
1638859067.8408415.jpg,1.0917456150054932,0.30750012397766113,0.6996350288391113,0.653949499130249
1638859067.8408415.jpg,2.4288763999938965,0.31491589546203613,0.7387163639068604,0.6741061210632324
1638859067.8408415.jpg,2.4586269855499268,0.30039405822753906,0.7313177585601807,0.6571590900421143
1638859456.9389522.jpg,1.0825536251068115,0.28115034103393555,0.7270417213439941,0.6836378574371338
1638859456.9389522.jpg,1.118311882019043,0.3188958168029785,0.7348628044128418,0.6829733848571777
1638859456.9389522.jpg,1.0599486827850342,0.28487110137939453,0.6971216201782227,0.6516962051391602
1638859456.9389522.jpg,1.1118979454040527,0.32088470458984375,0.7277858257293701,0.6782944202423096
1638859456.9389522.jpg,2.5499000549316406,0.2857072353363037,0.698960542678833,0.6376025676727295
1638859573.0005805.jpg,1.184974193572998,0.2768232822418213,0.733651876449585,0.6815032958984375
1638859573.0005805.jpg,1.18971848487854,0.3626365661621094,0.7136054039001465,0.664480447769165
1638859573.0005805.jpg,1.1921653747558594,0.31671762466430664,0.7219841480255127,0.6749792098999023
1638859573.0005805.jpg,1.1881723403930664,0.3546786308288574,0.718214750289917,0.6621785163879395
1638859573.0005805.jpg,1.138998031616211,0.33777379989624023,0.7185850143432617,0.6732914447784424
1638859599.5550244.jpg,1.1056432723999023,0.3095889091491699,0.7279355525970459,0.6714024543762207
1638859599.5550244.jpg,1.1119730472564697,0.33048486709594727,0.7098009586334229,0.6626884937286377
1638859599.5550244.jpg,1.0901191234588623,0.28563809394836426,0.7415969371795654,0.6920349597930908
1638859599.5550244.jpg,1.073298454284668,0.3236517906188965,0.6825251579284668,0.6345820426940918
1638859599.5550244.jpg,1.088888168334961,0.2856731414794922,0.7432618141174316,0.6913034915924072
1638859121.0304701.jpg,1.0944921970367432,0.31869983673095703,0.710996150970459,0.6623239517211914
1638859121.0304701.jpg,1.0778625011444092,0.30967116355895996,0.707045316696167,0.6609711647033691
1638859121.0304701.jpg,1.0871162414550781,0.30829381942749023,0.7120227813720703,0.6677937507629395
1638859121.0304701.jpg,1.1026852130889893,0.3196990489959717,0.7202060222625732,0.6727313995361328
1638859121.0304701.jpg,1.113652229309082,0.28607916831970215,0.7617578506469727,0.7089855670928955
1638859565.7265472.jpg,1.0730643272399902,0.319105863571167,0.6891722679138184,0.643355131149292
1638859565.7265472.jpg,1.057950496673584,0.2843022346496582,0.7083208560943604,0.6656482219696045
1638859565.7265472.jpg,1.0906870365142822,0.32314252853393555,0.6969811916351318,0.6506764888763428
1638859565.7265472.jpg,1.0928723812103271,0.3059651851654053,0.7230660915374756,0.6732380390167236
1638859565.7265472.jpg,1.059328556060791,0.30939698219299316,0.6849427223205566,0.630620002746582
1638859421.1459873.jpg,1.1105048656463623,0.3109018802642822,0.7339215278625488,0.6830956935882568
1638859421.1459873.jpg,1.045259952545166,0.2764873504638672,0.6918172836303711,0.6477036476135254
1638859421.1459873.jpg,1.101975440979004,0.3150761127471924,0.7100508213043213,0.6607615947723389
1638859421.1459873.jpg,1.3743715286254883,0.2801182270050049,0.721376895904541,0.6548745632171631
1638859421.1459873.jpg,1.2690794467926025,0.3222846984863281,0.754058837890625,0.7093329429626465
1638859528.9833424.jpg,1.068087100982666,0.27881503105163574,0.7277402877807617,0.6802990436553955
1638859528.9833424.jpg,1.1105091571807861,0.31617093086242676,0.7302558422088623,0.6804275512695312
1638859528.9833424.jpg,1.3316655158996582,0.29339003562927246,0.9758079051971436,0.9301228523254395
1638859528.9833424.jpg,1.1000192165374756,0.3132798671722412,0.7199242115020752,0.6675786972045898
1638859528.9833424.jpg,1.3902671337127686,0.31096482276916504,0.7246189117431641,0.6613857746124268
1638859502.4543705.jpg,1.1035621166229248,0.3116588592529297,0.7247035503387451,0.6769561767578125
1638859502.4543705.jpg,1.1027209758758545,0.31182861328125,0.7292394638061523,0.682009220123291
1638859502.4543705.jpg,2.458028554916382,0.2943999767303467,0.7402119636535645,0.6725523471832275
1638859502.4543705.jpg,1.0620036125183105,0.28864526748657227,0.7050206661224365,0.6603484153747559
1638859502.4543705.jpg,1.1069118976593018,0.3140397071838379,0.726841926574707,0.6763591766357422
1638858280.0541258.jpg,1.0556325912475586,0.28164005279541016,0.7103090286254883,0.6622977256774902
1638858280.0541258.jpg,1.1212737560272217,0.3199937343597412,0.736882209777832,0.6883034706115723
1638858280.0541258.jpg,1.0451927185058594,0.2881312370300293,0.6953516006469727,0.65311598777771
1638858280.0541258.jpg,4.481562376022339,0.3237147331237793,0.745621919631958,0.6637933254241943
1638858280.0541258.jpg,1.0789122581481934,0.28537821769714355,0.7261927127838135,0.6867537498474121
1638858976.5000446.jpg,1.0948290824890137,0.3122529983520508,0.7122228145599365,0.6638832092285156
1638858976.5000446.jpg,1.0533695220947266,0.2799031734466553,0.7065932750701904,0.6639089584350586
1638858976.5000446.jpg,1.1210947036743164,0.31671786308288574,0.7353169918060303,0.6861147880554199
1638858976.5000446.jpg,1.086014986038208,0.3162417411804199,0.6874873638153076,0.645193338394165
1638858976.5000446.jpg,1.0809540748596191,0.2923262119293213,0.7232799530029297,0.6747252941131592
1638859432.9290097.jpg,1.0720994472503662,0.3181326389312744,0.6846179962158203,0.6400706768035889
1638859432.9290097.jpg,1.0643763542175293,0.28737711906433105,0.7081072330474854,0.6605010032653809
1638859432.9290097.jpg,1.1498324871063232,0.3209109306335449,0.7221500873565674,0.6688261032104492
1638859432.9290097.jpg,1.3657944202423096,0.36174750328063965,0.7374417781829834,0.690183162689209
1638859432.9290097.jpg,1.29327392578125,0.32147765159606934,0.7333149909973145,0.671100378036499
1638858980.1257513.jpg,1.1620886325836182,0.30150818824768066,0.7006027698516846,0.6451561450958252
1638858980.1257513.jpg,1.1875882148742676,0.3379037380218506,0.7348010540008545,0.6899924278259277
1638858980.1257513.jpg,1.612055778503418,0.3024570941925049,0.72979736328125,0.6654777526855469
1638858980.1257513.jpg,1.1668684482574463,0.3667032718658447,0.735283613204956,0.6937212944030762
1638858980.1257513.jpg,1.3962762355804443,0.282118558883667,0.7689554691314697,0.7017138004302979
1638859154.4812253.jpg,1.0787310600280762,0.30905795097351074,0.7000775337219238,0.6583476066589355
1638859154.4812253.jpg,1.0729694366455078,0.2767171859741211,0.7342817783355713,0.6858251094818115
1638859154.4812253.jpg,1.0792124271392822,0.3089029788970947,0.705824613571167,0.6639995574951172
1638859154.4812253.jpg,1.1248009204864502,0.3006141185760498,0.7646512985229492,0.7169578075408936
1638859154.4812253.jpg,4.711955547332764,0.30678486824035645,0.7653093338012695,0.7018048763275146
1638859532.568404.jpg,1.043095588684082,0.28119897842407227,0.6994638442993164,0.6524102687835693
1638859532.568404.jpg,1.1349518299102783,0.31590890884399414,0.744328498840332,0.695237398147583
1638859532.568404.jpg,1.0661263465881348,0.2842381000518799,0.71980881690979,0.6719498634338379
1638859532.568404.jpg,1.1048567295074463,0.3141627311706543,0.7236356735229492,0.6804254055023193
1638859532.568404.jpg,1.078376293182373,0.302901029586792,0.7130789756774902,0.6650300025939941
1638859047.6844864.jpg,1.2043938636779785,0.30924201011657715,0.7447099685668945,0.697620153427124
1638859047.6844864.jpg,1.1131646633148193,0.318234920501709,0.7305357456207275,0.6807231903076172
1638859047.6844864.jpg,1.080822229385376,0.28507328033447266,0.7345161437988281,0.6855752468109131
1638859047.6844864.jpg,1.1257705688476562,0.32046985626220703,0.739215612411499,0.6884737014770508
1638859047.6844864.jpg,1.082097053527832,0.28449201583862305,0.7355127334594727,0.688523530960083
1638859125.0065742.jpg,1.1036241054534912,0.31853389739990234,0.7139225006103516,0.6615860462188721
1638859125.0065742.jpg,1.1202106475830078,0.28717899322509766,0.7638638019561768,0.7161221504211426
1638859125.0065742.jpg,1.0867390632629395,0.32120180130004883,0.7006070613861084,0.6528339385986328
1638859125.0065742.jpg,1.1256256103515625,0.3246288299560547,0.7362935543060303,0.6900253295898438
1638859125.0065742.jpg,1.0749292373657227,0.2958519458770752,0.7092366218566895,0.6527245044708252
1638859518.1402035.jpg,1.1440606117248535,0.3187377452850342,0.727886438369751,0.685478925704956
1638859518.1402035.jpg,1.0461816787719727,0.2830471992492676,0.699343204498291,0.6554484367370605
1638859518.1402035.jpg,1.125281572341919,0.31745457649230957,0.7386384010314941,0.6898508071899414
1638859518.1402035.jpg,1.084407091140747,0.28420424461364746,0.7396395206451416,0.6923782825469971
1638859518.1402035.jpg,4.3550496101379395,0.3248317241668701,0.7609109878540039,0.6815946102142334
1638858319.4553835.jpg,1.0757098197937012,0.2769298553466797,0.7296836376190186,0.6781792640686035
1638858319.4553835.jpg,1.1361567974090576,0.3160533905029297,0.7545044422149658,0.7074322700500488
1638858319.4553835.jpg,1.0681369304656982,0.27924227714538574,0.7274172306060791,0.6801118850708008
1638858319.4553835.jpg,1.1052138805389404,0.3167567253112793,0.7238607406616211,0.6760604381561279
1638858319.4553835.jpg,1.079972267150879,0.3050971031188965,0.7134249210357666,0.665839433670044
1638859051.5901349.jpg,1.126805305480957,0.31485676765441895,0.7398414611816406,0.6896657943725586
1638859051.5901349.jpg,1.1179554462432861,0.323192834854126,0.7301545143127441,0.6824421882629395
1638859051.5901349.jpg,1.0708000659942627,0.28176188468933105,0.7201721668243408,0.6774132251739502
1638859051.5901349.jpg,1.1074535846710205,0.3198254108428955,0.7213437557220459,0.6723074913024902
1638859051.5901349.jpg,1.075075387954712,0.2831127643585205,0.7314295768737793,0.6872594356536865
1638859576.6995776.jpg,1.079979658126831,0.30999326705932617,0.7039229869842529,0.6536223888397217
1638859576.6995776.jpg,1.0938215255737305,0.30214357376098633,0.7332315444946289,0.6860766410827637
1638859576.6995776.jpg,1.0790038108825684,0.30609989166259766,0.7049074172973633,0.6583964824676514
1638859576.6995776.jpg,1.1547577381134033,0.31363606452941895,0.7354109287261963,0.6891293525695801
1638859576.6995776.jpg,1.633040428161621,0.2824058532714844,0.775078296661377,0.6834075450897217
1638859409.709503.jpg,1.2007176876068115,0.3125174045562744,0.7506668567657471,0.6962854862213135
1638859409.709503.jpg,1.222536325454712,0.33058714866638184,0.7726936340332031,0.6978614330291748
1638859409.709503.jpg,1.19069242477417,0.365039587020874,0.7552697658538818,0.713233232498169
1638859409.709503.jpg,1.1794023513793945,0.33853626251220703,0.76808762550354,0.7116785049438477
1638859409.709503.jpg,1.1652495861053467,0.3673431873321533,0.7348527908325195,0.694225549697876
1638859090.291929.jpg,1.0888211727142334,0.2820277214050293,0.7446727752685547,0.6961841583251953
1638859090.291929.jpg,1.1251096725463867,0.3298640251159668,0.7307136058807373,0.6905755996704102
1638859090.291929.jpg,1.098651647567749,0.28353309631347656,0.7497913837432861,0.7007739543914795
1638859090.291929.jpg,1.0929694175720215,0.32314610481262207,0.7010722160339355,0.6595330238342285
1638859090.291929.jpg,1.0902490615844727,0.2947700023651123,0.7339465618133545,0.6857147216796875
1638859498.846176.jpg,1.1126089096069336,0.3229665756225586,0.724468469619751,0.6807873249053955
1638859498.846176.jpg,1.465822696685791,0.31398558616638184,0.7610507011413574,0.6863248348236084
1638859498.846176.jpg,2.497170925140381,0.318096399307251,0.7623841762542725,0.6956088542938232
1638859498.846176.jpg,1.4579288959503174,0.31839966773986816,0.7787175178527832,0.7296187877655029
1638859498.846176.jpg,1.0641655921936035,0.2947118282318115,0.70703125,0.6656725406646729
1638859094.2179437.jpg,1.4686076641082764,0.31719279289245605,0.7629899978637695,0.6893494129180908
1638859094.2179437.jpg,1.070725679397583,0.29555320739746094,0.7144861221313477,0.6696436405181885
1638859094.2179437.jpg,1.4505820274353027,0.3186345100402832,0.7624514102935791,0.6926994323730469
1638859094.2179437.jpg,1.0747203826904297,0.29848504066467285,0.7172369956970215,0.6738500595092773
1638859094.2179437.jpg,2.226991891860962,0.32358598709106445,0.7760391235351562,0.6971914768218994
1638859424.9991379.jpg,1.0623149871826172,0.27690601348876953,0.7255127429962158,0.6788561344146729
1638859424.9991379.jpg,1.1259520053863525,0.31010890007019043,0.728081226348877,0.6711063385009766
1638859424.9991379.jpg,1.0936524868011475,0.2754065990447998,0.7517945766448975,0.7060306072235107
1638859424.9991379.jpg,1.1178219318389893,0.3102262020111084,0.7384989261627197,0.6890697479248047
1638859424.9991379.jpg,1.053154706954956,0.2852482795715332,0.7066266536712646,0.6650295257568359
1638859075.3498244.jpg,1.151949167251587,0.3154938220977783,0.7712435722351074,0.7211103439331055
1638859075.3498244.jpg,1.119138479232788,0.3165717124938965,0.7298510074615479,0.6838390827178955
1638859075.3498244.jpg,1.3929603099822998,0.2879617214202881,0.7336821556091309,0.65435791015625
1638859075.3498244.jpg,1.1196231842041016,0.3198390007019043,0.7331132888793945,0.6877753734588623
1638859075.3498244.jpg,1.1122868061065674,0.28032350540161133,0.7489504814147949,0.7010185718536377
1638859444.2156723.jpg,1.0831499099731445,0.31401705741882324,0.704442024230957,0.6637592315673828
1638859444.2156723.jpg,1.3971896171569824,0.28493547439575195,1.0373682975769043,0.6609001159667969
1638859444.2156723.jpg,1.6890203952789307,0.3163471221923828,1.3088428974151611,0.7102677822113037
1638859444.2156723.jpg,1.12152099609375,0.31136441230773926,0.7437784671783447,0.697690486907959
1638859444.2156723.jpg,1.1598975658416748,0.32477855682373047,0.7694222927093506,0.7212944030761719
1638859549.0304558.jpg,1.4245829582214355,0.2769205570220947,0.7734694480895996,0.7231199741363525
1638859549.0304558.jpg,1.1089322566986084,0.32120752334594727,0.7220981121063232,0.6736454963684082
1638859549.0304558.jpg,1.116140604019165,0.28917813301086426,0.7631523609161377,0.7155928611755371
1638859549.0304558.jpg,1.0657806396484375,0.3120725154876709,0.6872384548187256,0.6451466083526611
1638859549.0304558.jpg,2.4499094486236572,0.2796919345855713,0.7636923789978027,0.6914675235748291
1638859040.2008502.jpg,1.380509614944458,0.2850837707519531,1.031724214553833,0.9832007884979248
1638859040.2008502.jpg,1.1470916271209717,0.32164692878723145,0.7438287734985352,0.695056676864624
1638859040.2008502.jpg,1.0803248882293701,0.286759614944458,0.7326757907867432,0.6815719604492188
1638859040.2008502.jpg,1.124633550643921,0.31995272636413574,0.7379646301269531,0.6853127479553223
1638859040.2008502.jpg,1.1296775341033936,0.3005695343017578,0.7663531303405762,0.7176434993743896
1638859495.293246.jpg,2.5397133827209473,0.3201718330383301,0.7848637104034424,0.7118000984191895
1638859495.293246.jpg,1.4163048267364502,0.31894421577453613,0.7571549415588379,0.709071159362793
1638859495.293246.jpg,2.3818840980529785,0.3226790428161621,0.7686562538146973,0.6934409141540527
1638859495.293246.jpg,1.195681095123291,0.34101414680480957,0.759061336517334,0.7117602825164795
1638859495.293246.jpg,1.2354333400726318,0.33627986907958984,0.7567603588104248,0.6831409931182861
1638859373.9926748.jpg,1.1533544063568115,0.319730281829834,0.7651510238647461,0.7167022228240967
1638859373.9926748.jpg,1.1142303943634033,0.2905466556549072,0.7545430660247803,0.6981010437011719
1638859373.9926748.jpg,1.1316447257995605,0.3203599452972412,0.746558666229248,0.698737382888794
1638859373.9926748.jpg,1.10377836227417,0.28562450408935547,0.7576465606689453,0.7073118686676025
1638859373.9926748.jpg,1.167736530303955,0.3291459083557129,0.7710490226745605,0.7186374664306641
1638858291.8955135.jpg,1.0832672119140625,0.2797579765319824,0.7393043041229248,0.6805381774902344
1638858291.8955135.jpg,1.1314990520477295,0.3213944435119629,0.7279319763183594,0.6797471046447754
1638858291.8955135.jpg,1.1213293075561523,0.2966132164001465,0.7626011371612549,0.7144355773925781
1638858291.8955135.jpg,1.085486650466919,0.32215094566345215,0.6978464126586914,0.6533706188201904
1638858291.8955135.jpg,1.146878719329834,0.3186914920806885,0.759960412979126,0.7074379920959473
1638859393.5280793.jpg,1.0570006370544434,0.273529052734375,0.7232515811920166,0.6751961708068848
1638859393.5280793.jpg,1.122760534286499,0.3125491142272949,0.7440652847290039,0.6955146789550781
1638859393.5280793.jpg,1.0451502799987793,0.2789881229400635,0.6986908912658691,0.6537957191467285
1638859393.5280793.jpg,1.1188836097717285,0.31139278411865234,0.7410373687744141,0.6931374073028564
1638859393.5280793.jpg,1.0865824222564697,0.28026485443115234,0.7353053092956543,0.6879668235778809
1638858341.872268.jpg,1.1250627040863037,0.32238125801086426,0.7374451160430908,0.6896734237670898
1638858341.872268.jpg,1.1241042613983154,0.3258681297302246,0.7263367176055908,0.6783468723297119
1638858341.872268.jpg,1.1209690570831299,0.2935051918029785,0.7601742744445801,0.7123239040374756
1638858341.872268.jpg,2.4427852630615234,0.3209519386291504,0.7394838333129883,0.6663436889648438
1638858341.872268.jpg,1.116919755935669,0.32222723960876465,0.7302305698394775,0.6822741031646729
1638859506.0456975.jpg,1.0997443199157715,0.284865140914917,0.7410838603973389,0.6964385509490967
1638859506.0456975.jpg,1.107595682144165,0.31813740730285645,0.7247581481933594,0.6743228435516357
1638859506.0456975.jpg,1.1060576438903809,0.2866206169128418,0.7574024200439453,0.7093601226806641
1638859506.0456975.jpg,1.114520788192749,0.32016420364379883,0.7187585830688477,0.674041748046875
1638859506.0456975.jpg,1.1560046672821045,0.32089805603027344,0.7688119411468506,0.7118270397186279
1638859128.8039994.jpg,1.1051244735717773,0.30318260192871094,0.7313907146453857,0.6865458488464355
1638859128.8039994.jpg,1.1421260833740234,0.3257479667663574,0.7449865341186523,0.6854948997497559
1638859128.8039994.jpg,1.0714833736419678,0.2844421863555908,0.7144014835357666,0.6618359088897705
1638859128.8039994.jpg,1.147735357284546,0.32371044158935547,0.7579841613769531,0.7108633518218994
1638859128.8039994.jpg,1.0788283348083496,0.2828865051269531,0.7338104248046875,0.6790132522583008
1638859487.658158.jpg,1.1439175605773926,0.31670069694519043,0.761178731918335,0.7007510662078857
1638859487.658158.jpg,1.0543038845062256,0.2841830253601074,0.7102179527282715,0.6614727973937988
1638859487.658158.jpg,1.1419565677642822,0.3265049457550049,0.7464702129364014,0.6945352554321289
1638859487.658158.jpg,1.102196216583252,0.3160429000854492,0.721968412399292,0.6741812229156494
1638859487.658158.jpg,1.0888919830322266,0.2835400104522705,0.7386963367462158,0.6891598701477051
1638859525.3785744.jpg,1.1527769565582275,0.32193470001220703,0.7369236946105957,0.68654465675354
1638859525.3785744.jpg,1.1023585796356201,0.281416654586792,0.7391703128814697,0.6914784908294678
1638859525.3785744.jpg,1.1119539737701416,0.31854867935180664,0.7297635078430176,0.6826834678649902
1638859525.3785744.jpg,1.1081140041351318,0.2818734645843506,0.7549078464508057,0.7105944156646729
1638859525.3785744.jpg,1.1082770824432373,0.3191695213317871,0.7089040279388428,0.6544523239135742
1638859377.6730952.jpg,1.1286511421203613,0.31264829635620117,0.7502286434173584,0.6940093040466309
1638859377.6730952.jpg,1.1016385555267334,0.3174915313720703,0.7206301689147949,0.6710832118988037
1638859377.6730952.jpg,1.1519253253936768,0.3281879425048828,0.7461154460906982,0.6991345882415771
1638859377.6730952.jpg,1.0641753673553467,0.28275442123413086,0.7150022983551025,0.6593263149261475
1638859377.6730952.jpg,1.1915795803070068,0.32267260551452637,0.7578392028808594,0.7050271034240723
1638859561.8096292.jpg,1.2918765544891357,0.2803001403808594,0.7327678203582764,0.6831679344177246
1638859561.8096292.jpg,1.4049654006958008,0.3187880516052246,0.770237922668457,0.6968765258789062
1638859561.8096292.jpg,1.3591892719268799,0.3096952438354492,0.7728908061981201,0.7194468975067139
1638859561.8096292.jpg,1.1705174446105957,0.3674924373626709,0.7349724769592285,0.6869935989379883
1638859561.8096292.jpg,1.1465601921081543,0.3291938304901123,0.7387259006500244,0.6880478858947754
1638859078.9341002.jpg,1.1619136333465576,0.36292123794555664,0.7282249927520752,0.6785051822662354
1638859078.9341002.jpg,1.086045503616333,0.280285120010376,0.7441303730010986,0.6911275386810303
1638859078.9341002.jpg,1.1009254455566406,0.31923985481262207,0.7158324718475342,0.6652960777282715
1638859078.9341002.jpg,1.08066725730896,0.29420924186706543,0.7281544208526611,0.6801962852478027
1638859078.9341002.jpg,1.098893642425537,0.3131098747253418,0.7167425155639648,0.6672055721282959
1638858304.9529831.jpg,1.130903720855713,0.31507396697998047,0.751284122467041,0.7036948204040527
1638858304.9529831.jpg,1.038970947265625,0.27876734733581543,0.6989245414733887,0.6503455638885498
1638858304.9529831.jpg,1.1590678691864014,0.316436767578125,0.7756233215332031,0.7252929210662842
1638858304.9529831.jpg,1.0514094829559326,0.2804372310638428,0.708975076675415,0.6609954833984375
1638858304.9529831.jpg,1.1188385486602783,0.31241798400878906,0.7340373992919922,0.68520188331604
1638858288.3138113.jpg,1.0575528144836426,0.2874486446380615,0.7053647041320801,0.6540834903717041
1638858288.3138113.jpg,1.1359238624572754,0.32210302352905273,0.7476851940155029,0.6998798847198486
1638858288.3138113.jpg,1.100447654724121,0.3218522071838379,0.7084360122680664,0.6600635051727295
1638858288.3138113.jpg,1.3869976997375488,0.28359055519104004,0.7414162158966064,0.6754848957061768
1638858288.3138113.jpg,2.37774395942688,0.3214268684387207,0.774177074432373,0.7071812152862549
1638859059.827174.jpg,1.1094236373901367,0.3127930164337158,0.7310612201690674,0.6848452091217041
1638859059.827174.jpg,1.1022419929504395,0.28278541564941406,0.7505300045013428,0.7047915458679199
1638859059.827174.jpg,2.4990689754486084,0.3100719451904297,0.7747812271118164,0.7093498706817627
1638859059.827174.jpg,1.101407527923584,0.31461668014526367,0.7216742038726807,0.6754980087280273
1638859059.827174.jpg,1.0760018825531006,0.28222012519836426,0.7330636978149414,0.6879832744598389
1638859064.133197.jpg,1.1146855354309082,0.3197057247161865,0.724254846572876,0.6777153015136719
1638859064.133197.jpg,1.1334540843963623,0.31397533416748047,0.7430670261383057,0.6977896690368652
1638859064.133197.jpg,1.1054701805114746,0.3249955177307129,0.7153182029724121,0.6729118824005127
1638859064.133197.jpg,1.1291708946228027,0.32141637802124023,0.7399632930755615,0.6917712688446045
1638859064.133197.jpg,1.0666069984436035,0.2836189270019531,0.7217824459075928,0.6739661693572998
1638859540.9344175.jpg,4.5827507972717285,0.3126957416534424,0.7680351734161377,0.6957578659057617
1638859540.9344175.jpg,1.1050422191619873,0.3152492046356201,0.7258334159851074,0.6868565082550049
1638859540.9344175.jpg,2.225534439086914,0.30933547019958496,1.5432980060577393,0.6677582263946533
1638859540.9344175.jpg,1.1093802452087402,0.3156015872955322,0.7285428047180176,0.6856646537780762
1638859540.9344175.jpg,1.0904922485351562,0.2818574905395508,0.7486410140991211,0.7016842365264893
1638859584.4525359.jpg,1.1121423244476318,0.32787394523620605,0.7160580158233643,0.6717677116394043
1638859584.4525359.jpg,1.1136786937713623,0.2942819595336914,0.7545430660247803,0.705249547958374
1638859584.4525359.jpg,1.1436405181884766,0.32259106636047363,0.7458610534667969,0.6958379745483398
1638859584.4525359.jpg,1.427950382232666,0.2998785972595215,0.7643082141876221,0.6801199913024902
1638859584.4525359.jpg,1.154284954071045,0.33057236671447754,0.7523274421691895,0.6970298290252686
1638859591.7705991.jpg,1.1068711280822754,0.29523730278015137,0.7506728172302246,0.6957299709320068
1638859591.7705991.jpg,1.1358156204223633,0.3231818675994873,0.7477231025695801,0.6926991939544678
1638859591.7705991.jpg,1.1479597091674805,0.3244633674621582,0.7521357536315918,0.7037937641143799
1638859591.7705991.jpg,1.1062352657318115,0.3018617630004883,0.7360100746154785,0.6917977333068848
1638859591.7705991.jpg,1.159635305404663,0.32489490509033203,0.76822829246521,0.7112996578216553
1638859537.2908542.jpg,1.3587143421173096,0.27881789207458496,0.741802453994751,0.6936039924621582
1638859537.2908542.jpg,2.758384943008423,0.3172025680541992,0.8890528678894043,0.6902246475219727
1638859537.2908542.jpg,1.2072792053222656,0.3694272041320801,0.7651162147521973,0.7089259624481201
1638859537.2908542.jpg,1.1741468906402588,0.31406283378601074,0.752770185470581,0.6797473430633545
1638859537.2908542.jpg,1.1901276111602783,0.36777734756469727,0.7562015056610107,0.7123143672943115
1638859569.4529705.jpg,1.4652719497680664,0.30501723289489746,1.0510592460632324,0.9811210632324219
1638859569.4529705.jpg,1.1270997524261475,0.31521058082580566,0.7433664798736572,0.6961820125579834
1638859569.4529705.jpg,1.0730390548706055,0.2820618152618408,0.7139904499053955,0.6689023971557617
1638859569.4529705.jpg,1.1573412418365479,0.3181734085083008,0.7710483074188232,0.7181291580200195
1638859569.4529705.jpg,1.0627632141113281,0.28299856185913086,0.7173690795898438,0.6650679111480713
1638859588.1014383.jpg,1.1441898345947266,0.32410597801208496,0.7560758590698242,0.6984224319458008
1638859588.1014383.jpg,1.0872209072113037,0.28789615631103516,0.7310326099395752,0.6833150386810303
1638859588.1014383.jpg,1.144761085510254,0.3242924213409424,0.7515952587127686,0.7031412124633789
1638859588.1014383.jpg,1.117140531539917,0.3222048282623291,0.7218751907348633,0.6714878082275391
1638859588.1014383.jpg,1.1082067489624023,0.3031487464904785,0.7382907867431641,0.6894164085388184
1638859521.7804093.jpg,1.1622602939605713,0.3185555934906006,0.7794787883758545,0.7303831577301025
1638859521.7804093.jpg,1.0828273296356201,0.290663480758667,0.7312498092651367,0.6901090145111084
1638859521.7804093.jpg,1.1199936866760254,0.3236243724822998,0.7328884601593018,0.6818382740020752
1638859521.7804093.jpg,1.1094748973846436,0.2869455814361572,0.7581391334533691,0.715709924697876
1638859521.7804093.jpg,1.090400218963623,0.31830596923828125,0.702582597732544,0.6537683010101318
1638859436.993507.jpg,1.081395149230957,0.2949385643005371,0.7242631912231445,0.6796116828918457
1638859436.993507.jpg,1.1195805072784424,0.3189544677734375,0.7318675518035889,0.6820096969604492
1638859436.993507.jpg,1.1199688911437988,0.32064270973205566,0.7340853214263916,0.6922187805175781
1638859436.993507.jpg,1.0545694828033447,0.28382349014282227,0.7072150707244873,0.6557660102844238
1638859436.993507.jpg,1.1366662979125977,0.3214292526245117,0.7435710430145264,0.6989905834197998
1638859544.9347801.jpg,1.0962724685668945,0.27942466735839844,0.7402751445770264,0.6959593296051025
1638859544.9347801.jpg,1.137362003326416,0.31903648376464844,0.7526192665100098,0.703911542892456
1638859544.9347801.jpg,1.0464987754821777,0.28157544136047363,0.7023639678955078,0.6547796726226807
1638859544.9347801.jpg,1.1276304721832275,0.31837964057922363,0.7421107292175293,0.6986606121063232
1638859544.9347801.jpg,1.077683687210083,0.31547999382019043,0.6975030899047852,0.6490964889526367
1638858315.7909262.jpg,1.093125820159912,0.2799546718597412,0.7439968585968018,0.7032103538513184
1638858315.7909262.jpg,1.1246066093444824,0.31961536407470703,0.7183644771575928,0.6732375621795654
1638858315.7909262.jpg,1.0990936756134033,0.2835350036621094,0.7550644874572754,0.7104330062866211
1638858315.7909262.jpg,1.0902681350708008,0.3172762393951416,0.7073965072631836,0.659888505935669
1638858315.7909262.jpg,1.0843005180358887,0.2869243621826172,0.7354922294616699,0.6946976184844971
1638858333.7707064.jpg,1.1267118453979492,0.3213937282562256,0.7366447448730469,0.6914737224578857
1638858333.7707064.jpg,1.1166610717773438,0.3153502941131592,0.7382824420928955,0.6971924304962158
1638858333.7707064.jpg,1.1052429676055908,0.30799055099487305,0.7264723777770996,0.677527666091919
1638858333.7707064.jpg,1.1467742919921875,0.3183295726776123,0.7622389793395996,0.7182481288909912
1638858333.7707064.jpg,1.0586564540863037,0.2856261730194092,0.7091434001922607,0.6635396480560303
1638859082.9124146.jpg,4.697583198547363,0.31657981872558594,0.7471983432769775,0.681541919708252
1638859082.9124146.jpg,1.4951879978179932,0.3190951347351074,1.1094934940338135,0.7092766761779785
1638859082.9124146.jpg,1.0619676113128662,0.28292322158813477,0.7136120796203613,0.6739625930786133
1638859082.9124146.jpg,1.1163983345031738,0.31537938117980957,0.7349553108215332,0.6858987808227539
1638859082.9124146.jpg,1.0597758293151855,0.3048439025878906,0.687420129776001,0.6458122730255127
1638858994.7333193.jpg,1.4658575057983398,0.3010270595550537,1.0853917598724365,0.7049062252044678
1638858994.7333193.jpg,1.1076571941375732,0.3031179904937744,0.7354226112365723,0.6928064823150635
1638858994.7333193.jpg,1.123558521270752,0.31532859802246094,0.7429406642913818,0.6904985904693604
1638858994.7333193.jpg,1.1504483222961426,0.32304954528808594,0.7098727226257324,0.668907642364502
1638858994.7333193.jpg,1.3725874423980713,0.35274195671081543,0.7697007656097412,0.7014918327331543
1638859513.9043398.jpg,1.291353702545166,0.3191032409667969,0.7444257736206055,0.7066566944122314
1638859513.9043398.jpg,1.122697114944458,0.3419203758239746,0.7107033729553223,0.6622021198272705
1638859513.9043398.jpg,1.192289113998413,0.3697361946105957,0.7559094429016113,0.7131013870239258
1638859513.9043398.jpg,1.1437005996704102,0.3296535015106201,0.752295970916748,0.6923975944519043
1638859513.9043398.jpg,1.2629070281982422,0.3833441734313965,0.7368373870849609,0.6855175495147705
1638859010.9028807.jpg,1.0886688232421875,0.2835676670074463,0.7416677474975586,0.6883904933929443
1638859010.9028807.jpg,1.1219542026519775,0.3216054439544678,0.729506254196167,0.6867520809173584
1638859010.9028807.jpg,4.427175760269165,0.2861461639404297,0.758124828338623,0.6734964847564697
1638859010.9028807.jpg,1.1440339088439941,0.32233548164367676,0.7538902759552002,0.7091159820556641
1638859010.9028807.jpg,1.1191306114196777,0.28614306449890137,0.7542223930358887,0.7085909843444824
1638859478.6694808.jpg,1.0930373668670654,0.3109130859375,0.7151260375976562,0.6697540283203125
1638859478.6694808.jpg,1.081101655960083,0.27738404273986816,0.7417025566101074,0.6947855949401855
1638859478.6694808.jpg,1.1000242233276367,0.3205444812774658,0.7125968933105469,0.6731288433074951
1638859478.6694808.jpg,2.3856258392333984,0.29009246826171875,0.7752912044525146,0.7080953121185303
1638859478.6694808.jpg,1.119659662246704,0.31026697158813477,0.7433271408081055,0.7021996974945068
1638858308.5180666.jpg,1.1127228736877441,0.30142736434936523,0.7432796955108643,0.6965205669403076
1638858308.5180666.jpg,1.0956544876098633,0.31606006622314453,0.7134542465209961,0.6730318069458008
1638858308.5180666.jpg,1.080847978591919,0.28249287605285645,0.7389287948608398,0.6870880126953125
1638858308.5180666.jpg,1.1210312843322754,0.31815576553344727,0.7341539859771729,0.6932945251464844
1638858308.5180666.jpg,1.1047139167785645,0.28293585777282715,0.7363736629486084,0.6919491291046143
1638858312.2182076.jpg,1.0956218242645264,0.3153059482574463,0.7134766578674316,0.6724557876586914
1638858312.2182076.jpg,1.1061909198760986,0.3015875816345215,0.737058162689209,0.685518741607666
1638858312.2182076.jpg,1.423445224761963,0.3142273426055908,0.7444915771484375,0.707392692565918
1638858312.2182076.jpg,1.124929666519165,0.30524778366088867,0.7590532302856445,0.6868960857391357
1638858312.2182076.jpg,1.476222038269043,0.3146841526031494,0.768064022064209,0.7263832092285156
1638859071.5206482.jpg,1.0881283283233643,0.2916402816772461,0.7058720588684082,0.6603817939758301
1638859071.5206482.jpg,1.135669231414795,0.31963443756103516,0.7467834949493408,0.6967864036560059
1638859071.5206482.jpg,1.1297845840454102,0.3177809715270996,0.7471318244934082,0.6972789764404297
1638859071.5206482.jpg,1.0833945274353027,0.284515380859375,0.7265877723693848,0.6852023601531982
1638859071.5206482.jpg,1.0980772972106934,0.31661057472229004,0.7148332595825195,0.6655888557434082
1638859150.8668318.jpg,2.4605720043182373,0.27400851249694824,0.7570791244506836,0.6849229335784912
1638859150.8668318.jpg,1.3985388278961182,0.27475857734680176,0.7568426132202148,0.7101690769195557
1638859150.8668318.jpg,1.0926008224487305,0.3085966110229492,0.7176392078399658,0.6779489517211914
1638859150.8668318.jpg,4.50343918800354,0.27470898628234863,0.7588050365447998,0.6815178394317627
1638859150.8668318.jpg,1.1279716491699219,0.30936098098754883,0.7507660388946533,0.70920729637146
1638859460.6644094.jpg,1.1472692489624023,0.28833746910095215,0.7714071273803711,0.7067921161651611
1638859460.6644094.jpg,1.1535394191741943,0.32156848907470703,0.7661676406860352,0.725379467010498
1638859460.6644094.jpg,2.36655330657959,0.28586769104003906,0.7536227703094482,0.6810216903686523
1638859460.6644094.jpg,1.1109330654144287,0.2908360958099365,0.7271251678466797,0.6711711883544922
1638859460.6644094.jpg,1.141756296157837,0.32535338401794434,0.7508320808410645,0.6859920024871826
1638859417.4746137.jpg,1.1141681671142578,0.2787916660308838,0.7478485107421875,0.7055516242980957
1638859417.4746137.jpg,1.291524887084961,0.31441640853881836,0.7320303916931152,0.6724281311035156
1638859417.4746137.jpg,1.200010061264038,0.2913637161254883,0.7367284297943115,0.6984591484069824
1638859417.4746137.jpg,1.465879201889038,0.3450968265533447,0.7779278755187988,0.7052178382873535
1638859417.4746137.jpg,1.5974717140197754,0.30269384384155273,0.7397148609161377,0.6763300895690918
1638859105.054991.jpg,1.1828703880310059,0.3625447750091553,0.754396915435791,0.7048056125640869
1638859105.054991.jpg,1.1661438941955566,0.303910493850708,0.7531740665435791,0.7066066265106201
1638859105.054991.jpg,1.1158101558685303,0.3154754638671875,0.7334444522857666,0.6848266124725342
1638859105.054991.jpg,1.096144437789917,0.28019165992736816,0.7560338973999023,0.7090740203857422
1638859105.054991.jpg,1.1033971309661865,0.31441187858581543,0.7218444347381592,0.6704530715942383
1638858991.16463.jpg,2.20068359375,0.32076144218444824,0.7459194660186768,0.6816868782043457
1638858991.16463.jpg,1.1473519802093506,0.3182547092437744,0.762122392654419,0.6997807025909424
1638858991.16463.jpg,1.103808879852295,0.28392982482910156,0.7483601570129395,0.7076754570007324
1638858991.16463.jpg,1.1235504150390625,0.31673431396484375,0.7379193305969238,0.6893610954284668
1638858991.16463.jpg,1.094747543334961,0.28267621994018555,0.7501683235168457,0.7084829807281494
1638859022.0452528.jpg,1.1063637733459473,0.31690502166748047,0.7229671478271484,0.6663005352020264
1638859022.0452528.jpg,1.4018020629882812,0.3018779754638672,1.033766746520996,0.9920845031738281
1638859022.0452528.jpg,1.4686129093170166,0.32459115982055664,0.753084659576416,0.6835553646087646
1638859022.0452528.jpg,1.0721640586853027,0.2842538356781006,0.7258391380310059,0.6827840805053711
1638859022.0452528.jpg,1.1512298583984375,0.3201577663421631,0.7658214569091797,0.7169513702392578
1638859014.7957647.jpg,1.120262861251831,0.30016207695007324,0.7470579147338867,0.7005274295806885
1638859014.7957647.jpg,2.365648031234741,0.3228609561920166,0.7337112426757812,0.6636805534362793
1638859014.7957647.jpg,1.0933575630187988,0.29918527603149414,0.7278256416320801,0.6842648983001709
1638859014.7957647.jpg,1.1194567680358887,0.32174134254455566,0.7266345024108887,0.6736493110656738
1638859014.7957647.jpg,1.0861549377441406,0.28917384147644043,0.7354426383972168,0.692434549331665
1638859025.728633.jpg,1.457531213760376,0.3186666965484619,0.7603611946105957,0.6916050910949707
1638859025.728633.jpg,1.1341242790222168,0.2889986038208008,0.767132043838501,0.7128500938415527
1638859025.728633.jpg,1.1485505104064941,0.3219625949859619,0.7585186958312988,0.6970062255859375
1638859025.728633.jpg,1.4164032936096191,0.2863187789916992,0.7695868015289307,0.722815990447998
1638859025.728633.jpg,1.0991227626800537,0.31827497482299805,0.7032449245452881,0.6592378616333008
1638859097.8522763.jpg,1.092297077178955,0.2863023281097412,0.7423079013824463,0.6943066120147705
1638859097.8522763.jpg,1.105520486831665,0.3272256851196289,0.7139325141906738,0.6663551330566406
1638859097.8522763.jpg,1.1188380718231201,0.301084041595459,0.7342708110809326,0.6912493705749512
1638859097.8522763.jpg,1.0923027992248535,0.31693124771118164,0.7019760608673096,0.6589584350585938
1638859097.8522763.jpg,1.1309576034545898,0.3215367794036865,0.7416119575500488,0.7035908699035645
1638859491.2398384.jpg,1.0719702243804932,0.2822422981262207,0.7284808158874512,0.6794271469116211
1638859491.2398384.jpg,1.1257171630859375,0.32015347480773926,0.7408158779144287,0.6972265243530273
1638859491.2398384.jpg,1.0447783470153809,0.2825429439544678,0.7004449367523193,0.65519118309021
1638859491.2398384.jpg,1.125783920288086,0.3208150863647461,0.7397124767303467,0.6974015235900879
1638859491.2398384.jpg,1.0547223091125488,0.28622937202453613,0.707024335861206,0.6615111827850342
1638858275.280067.jpg,1.2299261093139648,0.32183337211608887,0.7507476806640625,0.7069056034088135
1638858275.280067.jpg,1.1656031608581543,0.319591760635376,0.7869014739990234,0.7090728282928467
1638858275.280067.jpg,1.1352324485778809,0.3035702705383301,0.7648134231567383,0.7207052707672119
1638858275.280067.jpg,1.1086022853851318,0.31806206703186035,0.7251837253570557,0.6780917644500732
1638858275.280067.jpg,1.0741913318634033,0.2824223041534424,0.730095386505127,0.6873795986175537
1638859032.907558.jpg,1.0829193592071533,0.3192880153656006,0.6977846622467041,0.651482105255127
1638859032.907558.jpg,1.1153106689453125,0.28638744354248047,0.7486107349395752,0.7109286785125732
1638859032.907558.jpg,1.105938196182251,0.32436227798461914,0.7158293724060059,0.669527530670166
1638859032.907558.jpg,1.1126737594604492,0.3042736053466797,0.7455499172210693,0.7047619819641113
1638859032.907558.jpg,1.1194202899932861,0.3251802921295166,0.7302529811859131,0.6845722198486328
1638859382.698106.jpg,1.2827937602996826,0.31951355934143066,0.756476640701294,0.715430736541748
1638859382.698106.jpg,1.2026448249816895,0.30420708656311035,0.7484757900238037,0.7051858901977539
1638859382.698106.jpg,1.2738566398620605,0.32096242904663086,0.7455284595489502,0.6839456558227539
1638859382.698106.jpg,1.1607146263122559,0.34677767753601074,0.7482194900512695,0.6976642608642578
1638859382.698106.jpg,1.1701650619506836,0.36824512481689453,0.7249016761779785,0.6749775409698486
1638858300.450434.jpg,1.1981782913208008,0.3028993606567383,0.7401907444000244,0.6964240074157715
1638858300.450434.jpg,1.5133826732635498,0.36818861961364746,0.7748091220855713,0.7164826393127441
1638858300.450434.jpg,1.0684218406677246,0.28868627548217773,0.714773416519165,0.6712608337402344
1638858300.450434.jpg,1.124403476715088,0.31386542320251465,0.7444183826446533,0.6910314559936523
1638858300.450434.jpg,1.0993599891662598,0.2794532775878906,0.7465429306030273,0.7028384208679199
1638859018.3966541.jpg,1.1481976509094238,0.3291952610015869,0.7545285224914551,0.7091183662414551
1638859018.3966541.jpg,1.0571296215057373,0.282473087310791,0.7114272117614746,0.658682107925415
1638859018.3966541.jpg,1.122915506362915,0.31983184814453125,0.7377333641052246,0.6943597793579102
1638859018.3966541.jpg,1.0984020233154297,0.30672216415405273,0.7313394546508789,0.6827836036682129
1638859018.3966541.jpg,1.1794328689575195,0.31762242317199707,0.7439980506896973,0.702519416809082
1638859509.741117.jpg,1.118119478225708,0.3171210289001465,0.73382568359375,0.6885993480682373
1638859509.741117.jpg,1.0837550163269043,0.2861952781677246,0.736853837966919,0.6944406032562256
1638859509.741117.jpg,1.4239189624786377,0.319378137588501,0.7414634227752686,0.6990406513214111
1638859509.741117.jpg,1.0509459972381592,0.2862839698791504,0.7042300701141357,0.6636903285980225
1638859509.741117.jpg,1.113978624343872,0.3213632106781006,0.7258574962615967,0.6806700229644775
1638859132.3518987.jpg,1.0470409393310547,0.28368425369262695,0.6926836967468262,0.6503360271453857
1638859132.3518987.jpg,1.1823010444641113,0.32863378524780273,0.7484428882598877,0.7053992748260498
1638859132.3518987.jpg,1.11458158493042,0.2888200283050537,0.7460110187530518,0.7001032829284668
1638859132.3518987.jpg,1.1040089130401611,0.3182063102722168,0.7205016613006592,0.6729476451873779
1638859132.3518987.jpg,1.1267290115356445,0.3237917423248291,0.7333321571350098,0.6849644184112549
1638858330.1484354.jpg,1.0935795307159424,0.2883613109588623,0.7339563369750977,0.6890852451324463
1638858330.1484354.jpg,1.1193242073059082,0.31656646728515625,0.7350108623504639,0.6841411590576172
1638858330.1484354.jpg,1.0450389385223389,0.27977824211120605,0.7040340900421143,0.6578116416931152
1638858330.1484354.jpg,1.131537914276123,0.3188638687133789,0.7457451820373535,0.705604076385498
1638858330.1484354.jpg,1.0744359493255615,0.2799060344696045,0.7181341648101807,0.6724815368652344
1638859108.6449215.jpg,1.1057000160217285,0.3103964328765869,0.7314329147338867,0.683851957321167
1638859108.6449215.jpg,1.0820200443267822,0.31408119201660156,0.7074689865112305,0.6558914184570312
1638859108.6449215.jpg,1.1111478805541992,0.2907280921936035,0.7521970272064209,0.708636999130249
1638859108.6449215.jpg,1.1140861511230469,0.3158688545227051,0.7322077751159668,0.6867024898529053
1638859108.6449215.jpg,1.0947563648223877,0.2784755229949951,0.7552964687347412,0.7101573944091797
1638859136.0278258.jpg,1.085035800933838,0.3160736560821533,0.7039413452148438,0.6566576957702637
1638859136.0278258.jpg,1.0938055515289307,0.28383588790893555,0.7378354072570801,0.6955697536468506
1638859136.0278258.jpg,1.1037964820861816,0.31801295280456543,0.7167272567749023,0.6701083183288574
1638859136.0278258.jpg,1.0897512435913086,0.3059711456298828,0.7180881500244141,0.6771585941314697
1638859136.0278258.jpg,1.0996429920196533,0.31261491775512695,0.7196176052093506,0.6694638729095459
1638859140.007508.jpg,1.1195900440216064,0.3135547637939453,0.7395994663238525,0.6982419490814209
1638859140.007508.jpg,1.0595667362213135,0.2806859016418457,0.7161998748779297,0.6698732376098633
1638859140.007508.jpg,1.2468514442443848,0.31264519691467285,0.7245161533355713,0.6655559539794922
1638859140.007508.jpg,1.7176005840301514,0.27904248237609863,0.7483932971954346,0.6858222484588623
1638859140.007508.jpg,1.1247339248657227,0.31798505783081055,0.7391088008880615,0.6962890625
1638858972.7726066.jpg,1.0945532321929932,0.28125882148742676,0.7492566108703613,0.70098876953125
1638858972.7726066.jpg,1.0974020957946777,0.3200409412384033,0.7119753360748291,0.6709957122802734
1638858972.7726066.jpg,1.075622320175171,0.2839958667755127,0.7308111190795898,0.6833627223968506
1638858972.7726066.jpg,1.1126539707183838,0.3200676441192627,0.718036413192749,0.6759984493255615
1638858972.7726066.jpg,1.0911195278167725,0.2919425964355469,0.7261519432067871,0.6828243732452393
1638858326.5549517.jpg,1.103637456893921,0.30805492401123047,0.7176628112792969,0.6799716949462891
1638858326.5549517.jpg,1.1072447299957275,0.31110262870788574,0.7296605110168457,0.6848108768463135
1638858326.5549517.jpg,1.1278014183044434,0.27405548095703125,0.7052929401397705,0.6666302680969238
1638858326.5549517.jpg,1.3321175575256348,0.3112804889678955,0.7441296577453613,0.6860978603363037
1638858326.5549517.jpg,1.2976782321929932,0.2731759548187256,0.7631740570068359,0.7260408401489258
1638859400.6757352.jpg,1.1815149784088135,0.3590261936187744,0.6987934112548828,0.651740550994873
1638859400.6757352.jpg,1.1936678886413574,0.3015139102935791,0.762399435043335,0.7135965824127197
1638859400.6757352.jpg,1.2092852592468262,0.33985209465026855,0.748002290725708,0.7016677856445312
1638859400.6757352.jpg,1.1495614051818848,0.32352304458618164,0.7646098136901855,0.7153167724609375
1638859400.6757352.jpg,1.1019420623779297,0.31952571868896484,0.7161705493927002,0.6696085929870605
1638859428.7807984.jpg,1.0793321132659912,0.2754638195037842,0.7412803173065186,0.6956415176391602
1638859428.7807984.jpg,1.0988118648529053,0.3116621971130371,0.7190189361572266,0.6733987331390381
1638859428.7807984.jpg,1.0988247394561768,0.2998220920562744,0.7335481643676758,0.6922914981842041
1638859428.7807984.jpg,1.116964340209961,0.3064568042755127,0.7448897361755371,0.694404125213623
1638859428.7807984.jpg,1.106069564819336,0.31244921684265137,0.7145695686340332,0.6748967170715332
1638859370.2894099.jpg,1.053363561630249,0.28368496894836426,0.7066142559051514,0.6595733165740967
1638859370.2894099.jpg,1.127002477645874,0.32286834716796875,0.7402551174163818,0.6927731037139893
1638859370.2894099.jpg,4.91923189163208,0.28574442863464355,1.0623769760131836,0.9951391220092773
1638859370.2894099.jpg,1.0912466049194336,0.2844977378845215,0.7378294467926025,0.6954450607299805
1638859370.2894099.jpg,1.4812180995941162,0.3239877223968506,0.7691519260406494,0.721153736114502
1638859580.7838762.jpg,1.041288137435913,0.27207326889038086,0.7080509662628174,0.6674463748931885
1638859580.7838762.jpg,1.1123788356781006,0.3148956298828125,0.7306177616119385,0.6861217021942139
1638859580.7838762.jpg,1.1141955852508545,0.31200313568115234,0.7367100715637207,0.688657283782959
1638859580.7838762.jpg,1.0732603073120117,0.28940558433532715,0.7174115180969238,0.6727447509765625
1638859580.7838762.jpg,1.1319520473480225,0.3107891082763672,0.7514774799346924,0.710524320602417
1638859397.0863261.jpg,1.0443179607391357,0.2702977657318115,0.7140729427337646,0.6676456928253174
1638859397.0863261.jpg,1.1281888484954834,0.31079959869384766,0.746783971786499,0.704401969909668
1638859397.0863261.jpg,1.051926851272583,0.27578306198120117,0.704937219619751,0.6585898399353027
1638859397.0863261.jpg,1.1225268840789795,0.30668044090270996,0.7527101039886475,0.7044486999511719
1638859397.0863261.jpg,1.061131238937378,0.29894328117370605,0.7024827003479004,0.6509096622467041
1638859474.214695.jpg,1.4591400623321533,0.2983739376068115,1.074845314025879,0.7196698188781738
1638859474.214695.jpg,1.1035950183868408,0.3171498775482178,0.7251865863800049,0.6789371967315674
1638859474.214695.jpg,1.1086399555206299,0.3015410900115967,0.7433550357818604,0.6984469890594482
1638859474.214695.jpg,1.1105811595916748,0.32221221923828125,0.7253007888793945,0.6795952320098877
1638859474.214695.jpg,1.0979573726654053,0.28885579109191895,0.7467389106750488,0.703204870223999
1638859558.1651623.jpg,1.102590799331665,0.32283687591552734,0.7136423587799072,0.6666040420532227
1638859558.1651623.jpg,1.0879240036010742,0.28243398666381836,0.741771936416626,0.689598798751831
1638859558.1651623.jpg,1.1198995113372803,0.31816720962524414,0.7342183589935303,0.6868712902069092
1638859558.1651623.jpg,1.11173677444458,0.3020460605621338,0.7449939250946045,0.7074375152587891
1638859558.1651623.jpg,1.0900251865386963,0.3143198490142822,0.704871654510498,0.6617794036865234
1638859470.554894.jpg,1.1432232856750488,0.3176002502441406,0.7588696479797363,0.7133898735046387
1638859470.554894.jpg,1.0717508792877197,0.29024529457092285,0.7173027992248535,0.6709628105163574
1638859470.554894.jpg,1.1278882026672363,0.3213167190551758,0.7413361072540283,0.6986608505249023
1638859470.554894.jpg,1.0801804065704346,0.28803110122680664,0.7298727035522461,0.6849062442779541
1638859470.554894.jpg,1.1318168640136719,0.3218052387237549,0.735130786895752,0.6944634914398193
1638859143.648061.jpg,1.0546579360961914,0.27581143379211426,0.7140591144561768,0.6697025299072266
1638859143.648061.jpg,1.5178024768829346,0.3115661144256592,1.1336195468902588,0.7083187103271484
1638859143.648061.jpg,1.0805261135101318,0.2809422016143799,0.7366819381713867,0.6869907379150391
1638859143.648061.jpg,1.1434736251831055,0.3196144104003906,0.7518904209136963,0.6991991996765137
1638859143.648061.jpg,1.0953919887542725,0.3095357418060303,0.7233598232269287,0.6768362522125244
1638859404.5890343.jpg,1.1482815742492676,0.2943439483642578,0.7689495086669922,0.7188527584075928
1638859404.5890343.jpg,1.304211139678955,0.33030247688293457,0.7435970306396484,0.6930747032165527
1638859404.5890343.jpg,1.2041025161743164,0.28355908393859863,0.7636086940765381,0.6997697353363037
1638859404.5890343.jpg,1.4363830089569092,0.34682512283325195,0.7812533378601074,0.7122583389282227
1638859404.5890343.jpg,1.190232515335083,0.32452964782714844,0.7432022094726562,0.7009940147399902
1638859043.7611094.jpg,1.183800220489502,0.3663945198059082,0.7431850433349609,0.6736893653869629
1638859043.7611094.jpg,1.1641204357147217,0.3076438903808594,0.754127025604248,0.698601245880127
1638859043.7611094.jpg,1.1602203845977783,0.32250308990478516,0.7522616386413574,0.6890909671783447
1638859043.7611094.jpg,1.0914769172668457,0.2945692539215088,0.7326459884643555,0.6898479461669922
1638859043.7611094.jpg,1.1294081211090088,0.32175683975219727,0.7441551685333252,0.6965861320495605
1638859440.6666799.jpg,1.071495532989502,0.2832763195037842,0.726919412612915,0.6856932640075684
1638859440.6666799.jpg,1.1141440868377686,0.31699538230895996,0.7258291244506836,0.6821913719177246
1638859440.6666799.jpg,1.1062090396881104,0.3112497329711914,0.7317886352539062,0.6763167381286621
1638859440.6666799.jpg,1.131458044052124,0.3073303699493408,0.7484359741210938,0.705512285232544
1638859440.6666799.jpg,2.483888864517212,0.3220806121826172,0.7617642879486084,0.7026758193969727
1638859029.3403072.jpg,1.1110825538635254,0.31510090827941895,0.730989933013916,0.6789557933807373
1638859029.3403072.jpg,1.0951015949249268,0.28295278549194336,0.7320032119750977,0.6947553157806396
1638859029.3403072.jpg,1.0907671451568604,0.3147907257080078,0.7113938331604004,0.660285234451294
1638859029.3403072.jpg,1.1051671504974365,0.28545069694519043,0.7457559108734131,0.7086355686187744
1638859029.3403072.jpg,1.0800926685333252,0.3190028667449951,0.6925153732299805,0.6464557647705078
1638858295.4193494.jpg,1.1044857501983643,0.29808807373046875,0.748096227645874,0.7031512260437012
1638858295.4193494.jpg,1.089792251586914,0.3155226707458496,0.7043426036834717,0.6571953296661377
1638858295.4193494.jpg,1.152235507965088,0.32422900199890137,0.7481460571289062,0.7103188037872314
1638858295.4193494.jpg,1.0594151020050049,0.2842416763305664,0.7043166160583496,0.6612157821655273
1638858295.4193494.jpg,1.116060733795166,0.3179004192352295,0.7309386730194092,0.6886961460113525
1638858983.730413.jpg,1.0776410102844238,0.28169918060302734,0.733940839767456,0.6828722953796387
1638858983.730413.jpg,1.1376662254333496,0.3215327262878418,0.7505459785461426,0.7051999568939209
1638858983.730413.jpg,1.0609772205352783,0.28896164894104004,0.7025530338287354,0.6594581604003906
1638858983.730413.jpg,1.1290159225463867,0.32506895065307617,0.7399556636810303,0.6992695331573486
1638858983.730413.jpg,1.0869488716125488,0.31946539878845215,0.6978824138641357,0.6549127101898193
1638858267.8130226.jpg,1.12921142578125,0.28569841384887695,0.7609703540802002,0.7116646766662598
1638858267.8130226.jpg,1.0925371646881104,0.31707310676574707,0.7117094993591309,0.6646633148193359
1638858267.8130226.jpg,1.0696558952331543,0.28362298011779785,0.7243075370788574,0.6760015487670898
1638858267.8130226.jpg,1.0994863510131836,0.3194749355316162,0.7143330574035645,0.6507282257080078
1638858267.8130226.jpg,1.4386701583862305,0.28223752975463867,0.7788050174713135,0.723299503326416
1638859117.2782512.jpg,1.1167500019073486,0.30734872817993164,0.7408020496368408,0.6931583881378174
1638859117.2782512.jpg,1.0755572319030762,0.2696504592895508,0.7412481307983398,0.703420877456665
1638859117.2782512.jpg,1.1072556972503662,0.3033483028411865,0.7381861209869385,0.6929278373718262
1638859117.2782512.jpg,1.0924155712127686,0.3024470806121826,0.7200720310211182,0.6821041107177734
1638859117.2782512.jpg,1.0466110706329346,0.27983927726745605,0.7007796764373779,0.6550977230072021
1638859389.9061172.jpg,1.1037797927856445,0.31056761741638184,0.7235782146453857,0.6856181621551514
1638859389.9061172.jpg,1.0670955181121826,0.2851564884185791,0.7204461097717285,0.6667156219482422
1638859389.9061172.jpg,1.1110730171203613,0.32157158851623535,0.7207534313201904,0.6794118881225586
1638859389.9061172.jpg,1.0372354984283447,0.2851543426513672,0.6921780109405518,0.6446487903594971
1638859389.9061172.jpg,1.1232926845550537,0.321852445602417,0.7342302799224854,0.6931889057159424
1638858987.4828706.jpg,1.1653459072113037,0.3364903926849365,0.7628393173217773,0.6943798065185547
1638858987.4828706.jpg,1.1183767318725586,0.31124043464660645,0.7386105060577393,0.6988067626953125
1638858987.4828706.jpg,1.1412394046783447,0.324357271194458,0.7506682872772217,0.7022881507873535
1638858987.4828706.jpg,2.3368537425994873,0.29225873947143555,0.7483344078063965,0.6905078887939453
1638858987.4828706.jpg,1.0869781970977783,0.2842838764190674,0.7374918460845947,0.690762996673584
1638859552.600354.jpg,1.5027399063110352,0.3137052059173584,0.7482707500457764,0.6904282569885254
1638859552.600354.jpg,1.3051087856292725,0.2786722183227539,0.7660436630249023,0.7186248302459717
1638859552.600354.jpg,1.3727359771728516,0.3124270439147949,0.9027647972106934,0.7060203552246094
1638859552.600354.jpg,1.4355571269989014,0.3064866065979004,0.8782103061676025,0.6925585269927979
1638859552.600354.jpg,1.1820735931396484,0.3515481948852539,0.7406425476074219,0.7006635665893555
1638859453.1102674.jpg,1.1911072731018066,0.29868292808532715,0.7439296245574951,0.6930911540985107
1638859453.1102674.jpg,1.1909849643707275,0.3830845355987549,0.7350943088531494,0.697101354598999
1638859453.1102674.jpg,1.1278636455535889,0.2869844436645508,0.7537477016448975,0.7074680328369141
1638859453.1102674.jpg,1.4684100151062012,0.32542967796325684,1.0573570728302002,0.714038610458374
1638859453.1102674.jpg,1.0443193912506104,0.27892398834228516,0.6898853778839111,0.6445410251617432
1638859007.2327726.jpg,1.122312307357788,0.322019100189209,0.7324695587158203,0.6915435791015625
1638859007.2327726.jpg,1.0823071002960205,0.2860565185546875,0.731494665145874,0.6821308135986328
1638859007.2327726.jpg,1.129481554031372,0.320605993270874,0.7405996322631836,0.6909401416778564
1638859007.2327726.jpg,1.0802955627441406,0.30759692192077637,0.7087030410766602,0.6649069786071777
1638859007.2327726.jpg,1.0896310806274414,0.30652785301208496,0.7162606716156006,0.6760601997375488
1638859595.453537.jpg,1.117008924484253,0.32215404510498047,0.7184374332427979,0.6695585250854492
1638859595.453537.jpg,1.0838730335235596,0.2849550247192383,0.7365176677703857,0.6993372440338135
1638859595.453537.jpg,1.1260192394256592,0.32289886474609375,0.7370305061340332,0.6897454261779785
1638859595.453537.jpg,1.362504005432129,0.28802013397216797,1.0129916667938232,0.9681262969970703
1638859595.453537.jpg,1.1496458053588867,0.32530713081359863,0.7493977546691895,0.7051641941070557
1638858338.2746873.jpg,1.2885265350341797,0.2866487503051758,0.7659413814544678,0.6977474689483643
1638858338.2746873.jpg,1.127441644668579,0.32705211639404297,0.7325928211212158,0.6861312389373779
1638858338.2746873.jpg,1.0789084434509277,0.2835392951965332,0.7331175804138184,0.6907393932342529
1638858338.2746873.jpg,1.1016061305999756,0.3279891014099121,0.7080259323120117,0.6516568660736084
1638858338.2746873.jpg,2.406637668609619,0.3170590400695801,0.7774686813354492,0.7110116481781006
1638859002.9162307.jpg,1.1107981204986572,0.31150341033935547,0.7315115928649902,0.6814887523651123
1638859002.9162307.jpg,1.119936466217041,0.27573347091674805,0.7737629413604736,0.7060115337371826
1638859002.9162307.jpg,1.1270008087158203,0.3155357837677002,0.7456762790679932,0.6943070888519287
1638859002.9162307.jpg,1.1050810813903809,0.2745544910430908,0.7663085460662842,0.7191751003265381
1638859002.9162307.jpg,1.109696865081787,0.30899786949157715,0.7346959114074707,0.6835894584655762
1638858271.5123212.jpg,1.0826067924499512,0.2776315212249756,0.7436814308166504,0.702268123626709
1638858271.5123212.jpg,1.1248178482055664,0.319171667098999,0.7371604442596436,0.6870884895324707
1638858271.5123212.jpg,2.374272346496582,0.3103151321411133,0.7742569446563721,0.7119159698486328
1638858271.5123212.jpg,4.475797653198242,0.32404375076293945,0.7343451976776123,0.6617333889007568
1638858271.5123212.jpg,1.1195902824401855,0.3175649642944336,0.7386608123779297,0.696948766708374
1638859413.3039086.jpg,1.1131186485290527,0.29076290130615234,0.7388474941253662,0.6921029090881348
1638859413.3039086.jpg,1.082284927368164,0.3159348964691162,0.7006371021270752,0.6612038612365723
1638859413.3039086.jpg,1.1137244701385498,0.3081026077270508,0.7338976860046387,0.6893441677093506
1638859413.3039086.jpg,1.077913761138916,0.29747772216796875,0.7137858867645264,0.6665623188018799
1638859413.3039086.jpg,1.1159780025482178,0.314159631729126,0.7357141971588135,0.6882927417755127
1638859086.5885167.jpg,1.0731956958770752,0.2840111255645752,0.7276430130004883,0.6870088577270508
1638859086.5885167.jpg,1.138115406036377,0.32159423828125,0.7486112117767334,0.7024540901184082
1638859086.5885167.jpg,1.0680429935455322,0.28583836555480957,0.7204394340515137,0.6776883602142334
1638859086.5885167.jpg,1.128779411315918,0.3238832950592041,0.7388603687286377,0.686711311340332
1638859086.5885167.jpg,1.1328904628753662,0.30522966384887695,0.767852783203125,0.694042444229126
1638859101.4540179.jpg,1.133533239364624,0.31521129608154297,0.7492146492004395,0.6934022903442383
1638859101.4540179.jpg,1.1329853534698486,0.3182985782623291,0.747356653213501,0.7092900276184082
1638859101.4540179.jpg,1.2393198013305664,0.28298425674438477,0.7720444202423096,0.704094409942627
1638859101.4540179.jpg,1.3722083568572998,0.3169264793395996,0.8759770393371582,0.699901819229126
1638859101.4540179.jpg,1.097726821899414,0.2921302318572998,0.700232744216919,0.6533942222595215
1638859036.5698588.jpg,1.2822751998901367,0.37404751777648926,0.8381192684173584,0.6938796043395996
1638859036.5698588.jpg,1.4884932041168213,0.33353757858276367,0.7590734958648682,0.714503288269043
1638859036.5698588.jpg,1.19893479347229,0.368455171585083,0.7452828884124756,0.6991758346557617
1638859036.5698588.jpg,1.1943390369415283,0.3238816261291504,0.7393369674682617,0.6800553798675537
1638859036.5698588.jpg,1.1297972202301025,0.32329249382019043,0.7418057918548584,0.6999340057373047
1638859483.8107712.jpg,1.1050803661346436,0.28093528747558594,0.7617182731628418,0.7050657272338867
1638859483.8107712.jpg,1.0813865661621094,0.32065844535827637,0.6961944103240967,0.6556556224822998
1638859483.8107712.jpg,2.4981958866119385,0.2836768627166748,0.7743053436279297,0.7041149139404297
1638859483.8107712.jpg,1.0820939540863037,0.28492259979248047,0.730762243270874,0.6930844783782959
1638859483.8107712.jpg,1.1354455947875977,0.3189969062805176,0.7476284503936768,0.6997225284576416
