1638858998.8664625.jpg,64420
1638859386.3183892.jpg,66133
1638858284.6405256.jpg,71972
1638859466.8908947.jpg,73310
1638859448.1750998.jpg,68760
1638859067.8408415.jpg,73144
1638859456.9389522.jpg,72280
1638859573.0005805.jpg,59093
1638859599.5550244.jpg,75115
1638859121.0304701.jpg,74495
1638859565.7265472.jpg,69093
1638859421.1459873.jpg,62390
1638859528.9833424.jpg,63449
1638859502.4543705.jpg,62042
1638858280.0541258.jpg,71105
1638858976.5000446.jpg,66589
1638859432.9290097.jpg,73266
1638858980.1257513.jpg,61654
1638859154.4812253.jpg,59176
1638859532.568404.jpg,66908
1638859047.6844864.jpg,74160
1638859125.0065742.jpg,73196
1638859518.1402035.jpg,69845
1638858319.4553835.jpg,63357
1638859051.5901349.jpg,69967
1638859576.6995776.jpg,61157
1638859409.709503.jpg,65813
1638859090.291929.jpg,73643
1638859498.846176.jpg,68724
1638859094.2179437.jpg,72305
1638859424.9991379.jpg,59042
1638859075.3498244.jpg,67481
1638859444.2156723.jpg,67208
1638859549.0304558.jpg,65235
1638859040.2008502.jpg,74678
1638859495.293246.jpg,70445
1638859373.9926748.jpg,72084
1638858291.8955135.jpg,69121
1638859393.5280793.jpg,58668
1638858341.872268.jpg,74137
1638859506.0456975.jpg,72195
1638859128.8039994.jpg,73032
1638859487.658158.jpg,67373
1638859525.3785744.jpg,67296
1638859377.6730952.jpg,70704
1638859561.8096292.jpg,68516
1638859078.9341002.jpg,65630
1638858304.9529831.jpg,65114
1638858288.3138113.jpg,71344
1638859059.827174.jpg,61492
1638859064.133197.jpg,73088
1638859540.9344175.jpg,64706
1638859584.4525359.jpg,78920
1638859591.7705991.jpg,78394
1638859537.2908542.jpg,67739
1638859569.4529705.jpg,67148
1638859588.1014383.jpg,79491
1638859521.7804093.jpg,69248
1638859436.993507.jpg,72699
1638859544.9347801.jpg,66745
1638858315.7909262.jpg,67362
1638858333.7707064.jpg,73872
1638859082.9124146.jpg,67434
1638858994.7333193.jpg,67067
1638859513.9043398.jpg,71222
1638859010.9028807.jpg,76379
1638859478.6694808.jpg,63737
1638858308.5180666.jpg,68457
1638858312.2182076.jpg,67789
1638859071.5206482.jpg,69413
1638859150.8668318.jpg,57412
1638859460.6644094.jpg,74868
1638859417.4746137.jpg,66235
1638859105.054991.jpg,66067
1638858991.16463.jpg,69375
1638859022.0452528.jpg,72898
1638859014.7957647.jpg,76224
1638859025.728633.jpg,74228
1638859097.8522763.jpg,71198
1638859491.2398384.jpg,72974
1638858275.280067.jpg,64450
1638859032.907558.jpg,73851
1638859382.698106.jpg,69907
1638858300.450434.jpg,63176
1638859018.3966541.jpg,73032
1638859509.741117.jpg,72234
1638859132.3518987.jpg,71232
1638858330.1484354.jpg,63535
1638859108.6449215.jpg,62045
1638859136.0278258.jpg,70268
1638859140.007508.jpg,66917
1638858972.7726066.jpg,71868
1638858326.5549517.jpg,56866
1638859400.6757352.jpg,64842
1638859428.7807984.jpg,58320
1638859370.2894099.jpg,73352
1638859580.7838762.jpg,56687
1638859397.0863261.jpg,54441
1638859474.214695.jpg,69432
1638859558.1651623.jpg,67477
1638859470.554894.jpg,72683
1638859143.648061.jpg,64099
1638859404.5890343.jpg,69405
1638859043.7611094.jpg,75356
1638859440.6666799.jpg,72169
1638859029.3403072.jpg,66722
1638858295.4193494.jpg,66946
1638858983.730413.jpg,72436
1638858267.8130226.jpg,69272
1638859117.2782512.jpg,51008
1638859389.9061172.jpg,62841
1638858987.4828706.jpg,69889
1638859552.600354.jpg,61394
1638859453.1102674.jpg,64515
1638859007.2327726.jpg,74694
1638859595.453537.jpg,75415
1638858338.2746873.jpg,71235
1638859002.9162307.jpg,60071
1638858271.5123212.jpg,65235
1638859413.3039086.jpg,65853
1638859086.5885167.jpg,75024
1638859101.4540179.jpg,68201
1638859036.5698588.jpg,74346
1638859483.8107712.jpg,71004
