1638858998.8664625.jpg,1.0372450351715088,0.2490987777709961,0.7211356163024902,0.6708650588989258,0.41900697,2345
1638858998.8664625.jpg,0.9893805980682373,0.22623682022094727,0.689875602722168,0.6420397758483887,0.41900697,2345
1638858998.8664625.jpg,1.064526081085205,0.2536799907684326,0.7416245937347412,0.691270112991333,0.41900697,2345
1638858998.8664625.jpg,1.0429952144622803,0.24397611618041992,0.7375068664550781,0.6899280548095703,0.41900697,2345
1638858998.8664625.jpg,1.0207712650299072,0.25003504753112793,0.7025299072265625,0.6522231101989746,0.41900697,2345
1638859386.3183892.jpg,1.0669786930084229,0.2598545551300049,0.7435705661773682,0.6958842277526855,0.10955318,2212
1638859386.3183892.jpg,1.0153801441192627,0.2275547981262207,0.7193374633789062,0.6686432361602783,0.10955318,2212
1638859386.3183892.jpg,2.418372631072998,0.25482678413391113,0.7525784969329834,0.6694149971008301,0.10955318,2212
1638859386.3183892.jpg,1.056422233581543,0.25951695442199707,0.7315912246704102,0.6813974380493164,0.10955318,2212
1638859386.3183892.jpg,1.014458417892456,0.23450684547424316,0.7179293632507324,0.6703159809112549,0.10955318,2212
1638858284.6405256.jpg,1.0408360958099365,0.253173828125,0.7071619033813477,0.6499636173248291,0.0,2304
1638858284.6405256.jpg,1.0458717346191406,0.25577569007873535,0.7163221836090088,0.6686758995056152,0.0,2304
1638858284.6405256.jpg,4.52897047996521,0.2343127727508545,0.7791652679443359,0.6936378479003906,0.0,2304
1638858284.6405256.jpg,1.0211224555969238,0.24382400512695312,0.7158761024475098,0.668501615524292,0.0,2304
1638858284.6405256.jpg,1.0412778854370117,0.25191783905029297,0.7218432426452637,0.6721088886260986,0.0,2304
1638859466.8908947.jpg,1.0424351692199707,0.260042667388916,0.7106711864471436,0.6633343696594238,0.0,2463
1638859466.8908947.jpg,1.0323302745819092,0.2340390682220459,0.7374224662780762,0.687164306640625,0.0,2463
1638859466.8908947.jpg,1.0577852725982666,0.2568080425262451,0.7361266613006592,0.6883728504180908,0.0,2463
1638859466.8908947.jpg,1.0219380855560303,0.23869991302490234,0.6972298622131348,0.6464405059814453,0.0,2463
1638859466.8908947.jpg,1.0916705131530762,0.2599825859069824,0.7450287342071533,0.6972827911376953,0.0,2463
1638859448.1750998.jpg,1.0272681713104248,0.2519869804382324,0.7087600231170654,0.6586475372314453,0.10450765,2375
1638859448.1750998.jpg,0.9791626930236816,0.22821879386901855,0.69004225730896,0.6410355567932129,0.10450765,2375
1638859448.1750998.jpg,1.0707027912139893,0.2573258876800537,0.749000072479248,0.6872129440307617,0.10450765,2375
1638859448.1750998.jpg,1.0416429042816162,0.22972583770751953,0.6926846504211426,0.644824743270874,0.10450765,2375
1638859448.1750998.jpg,1.1914377212524414,0.2794666290283203,0.7221641540527344,0.6662814617156982,0.10450765,2375
1638859067.8408415.jpg,1.5870206356048584,0.27044177055358887,0.7698445320129395,0.6948192119598389,0.0,2581
1638859067.8408415.jpg,1.213205337524414,0.28426146507263184,0.7384331226348877,0.6878893375396729,0.0,2581
1638859067.8408415.jpg,1.0842337608337402,0.2655787467956543,0.7562062740325928,0.7007555961608887,0.0,2581
1638859067.8408415.jpg,1.0425219535827637,0.26638269424438477,0.7073240280151367,0.6569461822509766,0.0,2581
1638859067.8408415.jpg,1.057530164718628,0.25676393508911133,0.733222484588623,0.6817028522491455,0.0,2581
1638859456.9389522.jpg,1.001185655593872,0.2271590232849121,0.7117536067962646,0.6616017818450928,0.0,2289
1638859456.9389522.jpg,1.0663230419158936,0.25895190238952637,0.7409098148345947,0.6935625076293945,0.0,2289
1638859456.9389522.jpg,1.0458638668060303,0.22924494743347168,0.7466914653778076,0.6923906803131104,0.0,2289
1638859456.9389522.jpg,1.0533080101013184,0.25725698471069336,0.7043538093566895,0.6573338508605957,0.0,2289
1638859456.9389522.jpg,1.1480140686035156,0.2476356029510498,0.7353823184967041,0.6858065128326416,0.0,2289
1638859573.0005805.jpg,1.0581748485565186,0.2506875991821289,0.695819616317749,0.6475555896759033,0.0,1582
1638859573.0005805.jpg,1.2573611736297607,0.25330185890197754,0.7395992279052734,0.6704959869384766,0.0,1582
1638859573.0005805.jpg,4.6316001415252686,0.22633099555969238,0.7567236423492432,0.6765141487121582,0.0,1582
1638859573.0005805.jpg,0.9970364570617676,0.22600889205932617,0.7067501544952393,0.6573598384857178,0.0,1582
1638859573.0005805.jpg,1.0490431785583496,0.2516660690307617,0.7316403388977051,0.6847765445709229,0.0,1582
1638859599.5550244.jpg,1.0266258716583252,0.2509026527404785,0.704420804977417,0.6539652347564697,0.0,2638
1638859599.5550244.jpg,2.407062292098999,0.2397167682647705,0.7479610443115234,0.6759815216064453,0.0,2638
1638859599.5550244.jpg,1.010852336883545,0.23832273483276367,0.710463285446167,0.6602795124053955,0.0,2638
1638859599.5550244.jpg,1.0397963523864746,0.26250290870666504,0.7107760906219482,0.6629343032836914,0.0,2638
1638859599.5550244.jpg,0.9972763061523438,0.23149585723876953,0.7050034999847412,0.6545424461364746,0.0,2638
1638859121.0304701.jpg,1.0640318393707275,0.26015567779541016,0.7245833873748779,0.6747398376464844,0.0,2434
1638859121.0304701.jpg,1.0585649013519287,0.26773667335510254,0.7317426204681396,0.6812021732330322,0.0,2434
1638859121.0304701.jpg,1.023529052734375,0.23185467720031738,0.7136654853820801,0.666405439376831,0.0,2434
1638859121.0304701.jpg,1.0574958324432373,0.26397156715393066,0.7304327487945557,0.6804533004760742,0.0,2434
1638859121.0304701.jpg,1.268099069595337,0.2300128936767578,0.9780919551849365,0.9294636249542236,0.0,2434
1638859565.7265472.jpg,1.0504398345947266,0.25832676887512207,0.7232201099395752,0.672806978225708,0.0,2132
1638859565.7265472.jpg,0.9766755104064941,0.2273859977722168,0.6867709159851074,0.6388025283813477,0.0,2132
1638859565.7265472.jpg,1.0687315464019775,0.2584648132324219,0.7441048622131348,0.6938800811767578,0.0,2132
1638859565.7265472.jpg,1.0477321147918701,0.2567009925842285,0.7240931987762451,0.665860652923584,0.0,2132
1638859565.7265472.jpg,0.987640380859375,0.2292799949645996,0.6954145431518555,0.6449000835418701,0.0,2132
1638859421.1459873.jpg,1.0523097515106201,0.24771475791931152,0.7395126819610596,0.6916313171386719,0.0,2118
1638859421.1459873.jpg,1.0135102272033691,0.22347688674926758,0.7299017906188965,0.6795635223388672,0.0,2118
1638859421.1459873.jpg,1.046947956085205,0.24943304061889648,0.7305929660797119,0.6827847957611084,0.0,2118
1638859421.1459873.jpg,1.0624315738677979,0.25354456901550293,0.7318964004516602,0.678722620010376,0.0,2118
1638859421.1459873.jpg,0.9872725009918213,0.22264695167541504,0.6981444358825684,0.6501586437225342,0.0,2118
1638859528.9833424.jpg,1.034581184387207,0.2509479522705078,0.7166156768798828,0.6666269302368164,0.0,2080
1638859528.9833424.jpg,1.0443799495697021,0.2296581268310547,0.7503983974456787,0.6962234973907471,0.0,2080
1638859528.9833424.jpg,1.0455491542816162,0.2503969669342041,0.7303531169891357,0.680206298828125,0.0,2080
1638859528.9833424.jpg,1.0381262302398682,0.2504160404205322,0.7278990745544434,0.6804924011230469,0.0,2080
1638859528.9833424.jpg,2.380448341369629,0.23154497146606445,0.7271099090576172,0.64674973487854,0.0,2080
1638859502.4543705.jpg,0.9992501735687256,0.22492384910583496,0.7117187976837158,0.6647448539733887,0.0,1595
1638859502.4543705.jpg,1.0802388191223145,0.2541348934173584,0.7439727783203125,0.6939792633056641,0.0,1595
1638859502.4543705.jpg,0.987694501876831,0.22416996955871582,0.6957964897155762,0.648472785949707,0.0,1595
1638859502.4543705.jpg,1.0630438327789307,0.25517988204956055,0.7381184101104736,0.6877236366271973,0.0,1595
1638859502.4543705.jpg,1.0568068027496338,0.25487184524536133,0.7381136417388916,0.6797652244567871,0.0,1595
1638858280.0541258.jpg,1.700918197631836,0.2301948070526123,0.7581517696380615,0.6815731525421143,0.0,2229
1638858280.0541258.jpg,1.012127161026001,0.23980283737182617,0.7128984928131104,0.6650352478027344,0.0,2229
1638858280.0541258.jpg,1.0817935466766357,0.2544426918029785,0.7567076683044434,0.7064080238342285,0.0,2229
1638858280.0541258.jpg,1.0773675441741943,0.3136892318725586,0.6969373226165771,0.6496009826660156,0.0,2229
1638858280.0541258.jpg,1.1626720428466797,0.2514638900756836,0.7443282604217529,0.6943342685699463,0.0,2229
1638858976.5000446.jpg,1.1790847778320312,0.27736878395080566,0.7344138622283936,0.6864488124847412,0.42453256,2451
1638858976.5000446.jpg,1.1551220417022705,0.2302711009979248,0.7446238994598389,0.6939959526062012,0.42453256,2451
1638858976.5000446.jpg,1.0225179195404053,0.2577676773071289,0.700427770614624,0.6528832912445068,0.42453256,2451
1638858976.5000446.jpg,0.9889402389526367,0.22579002380371094,0.698112964630127,0.6465682983398438,0.42453256,2451
1638858976.5000446.jpg,1.0313029289245605,0.259521484375,0.7040352821350098,0.6563260555267334,0.42453256,2451
1638859432.9290097.jpg,1.0498831272125244,0.25469088554382324,0.7311177253723145,0.6804864406585693,0.0,2400
1638859432.9290097.jpg,1.0274720191955566,0.2330610752105713,0.7309343814849854,0.6834633350372314,0.0,2400
1638859432.9290097.jpg,1.0436789989471436,0.26016688346862793,0.7206554412841797,0.6707282066345215,0.0,2400
1638859432.9290097.jpg,1.0176324844360352,0.23264598846435547,0.6936454772949219,0.6462104320526123,0.0,2400
1638859432.9290097.jpg,1.0226383209228516,0.26225852966308594,0.6880297660827637,0.6375701427459717,0.0,2400
1638858980.1257513.jpg,1.1748967170715332,0.26251745223999023,0.7513439655303955,0.7030699253082275,0.0,1966
1638858980.1257513.jpg,1.0839354991912842,0.22515416145324707,0.7331850528717041,0.6835227012634277,0.0,1966
1638858980.1257513.jpg,1.059924840927124,0.2569746971130371,0.7371976375579834,0.690018892288208,0.0,1966
1638858980.1257513.jpg,1.0003712177276611,0.2259387969970703,0.708843469619751,0.6579163074493408,0.0,1966
1638858980.1257513.jpg,1.050285816192627,0.2556619644165039,0.7253272533416748,0.6783926486968994,0.0,1966
1638859154.4812253.jpg,1.0281362533569336,0.23338699340820312,0.7357878684997559,0.6858444213867188,0.0,2186
1638859154.4812253.jpg,1.0510320663452148,0.2489478588104248,0.6978793144226074,0.6503968238830566,0.0,2186
1638859154.4812253.jpg,1.1543619632720947,0.2952125072479248,0.7395596504211426,0.6898899078369141,0.0,2186
1638859154.4812253.jpg,0.9880430698394775,0.2267918586730957,0.6999428272247314,0.6525628566741943,0.0,2186
1638859154.4812253.jpg,1.0640816688537598,0.24926376342773438,0.7491681575775146,0.699246883392334,0.0,2186
1638859532.568404.jpg,1.0366888046264648,0.2276308536529541,0.7226836681365967,0.6642591953277588,0.0,2140
1638859532.568404.jpg,1.0467238426208496,0.25582170486450195,0.7241003513336182,0.6743578910827637,0.0,2140
1638859532.568404.jpg,1.044717788696289,0.2576606273651123,0.7201747894287109,0.6727085113525391,0.0,2140
1638859532.568404.jpg,1.0356221199035645,0.23180794715881348,0.6988675594329834,0.6487417221069336,0.0,2140
1638859532.568404.jpg,1.0543041229248047,0.25433993339538574,0.7335989475250244,0.686537504196167,0.0,2140
1638859047.6844864.jpg,0.9964773654937744,0.22857332229614258,0.7049086093902588,0.6550083160400391,0.0,2656
1638859047.6844864.jpg,1.0544497966766357,0.2573237419128418,0.724872350692749,0.6773586273193359,0.0,2656
1638859047.6844864.jpg,1.0710134506225586,0.2578005790710449,0.7546324729919434,0.7042148113250732,0.0,2656
1638859047.6844864.jpg,1.0187993049621582,0.2396237850189209,0.7097539901733398,0.6625690460205078,0.0,2656
1638859047.6844864.jpg,1.0622727870941162,0.2600517272949219,0.7272381782531738,0.6737809181213379,0.0,2656
1638859125.0065742.jpg,1.3149166107177734,0.22818779945373535,0.7085428237915039,0.6611120700836182,0.0,2421
1638859125.0065742.jpg,1.079528570175171,0.26175379753112793,0.7513647079467773,0.7009270191192627,0.0,2421
1638859125.0065742.jpg,0.9965431690216064,0.2310330867767334,0.7040793895721436,0.6568098068237305,0.0,2421
1638859125.0065742.jpg,1.045029878616333,0.25910472869873047,0.7177610397338867,0.6676688194274902,0.0,2421
1638859125.0065742.jpg,1.0456149578094482,0.2591216564178467,0.7264556884765625,0.6682512760162354,0.0,2421
1638859518.1402035.jpg,1.3551771640777588,0.23416781425476074,0.7545034885406494,0.7047972679138184,0.0,2229
1638859518.1402035.jpg,1.0344161987304688,0.259624719619751,0.7091028690338135,0.6618247032165527,0.0,2229
1638859518.1402035.jpg,1.054924726486206,0.24620795249938965,0.73557448387146,0.6858065128326416,0.0,2229
1638859518.1402035.jpg,1.0610458850860596,0.2608048915863037,0.7337749004364014,0.6757190227508545,0.0,2229
1638859518.1402035.jpg,0.9859333038330078,0.23064494132995605,0.6926712989807129,0.6422295570373535,0.0,2229
1638858319.4553835.jpg,1.0614745616912842,0.2513418197631836,0.7367539405822754,0.6892390251159668,0.0,2100
1638858319.4553835.jpg,1.0311691761016846,0.2594258785247803,0.7059409618377686,0.6558170318603516,0.0,2100
1638858319.4553835.jpg,0.9839534759521484,0.22481608390808105,0.6928353309631348,0.6454763412475586,0.0,2100
1638858319.4553835.jpg,1.0347661972045898,0.25430798530578613,0.7132360935211182,0.651557445526123,0.0,2100
1638858319.4553835.jpg,1.0140810012817383,0.22869396209716797,0.7231912612915039,0.6758646965026855,0.0,2100
1638859051.5901349.jpg,1.046797752380371,0.2592306137084961,0.721092700958252,0.6711733341217041,0.18969217,2588
1638859051.5901349.jpg,1.0038261413574219,0.25621676445007324,0.6880414485931396,0.64054274559021,0.18969217,2588
1638859051.5901349.jpg,1.0073492527008057,0.23050904273986816,0.704359769821167,0.6543376445770264,0.18969217,2588
1638859051.5901349.jpg,1.066760778427124,0.2617197036743164,0.7388429641723633,0.680305004119873,0.18969217,2588
1638859051.5901349.jpg,0.9930355548858643,0.23041319847106934,0.7010951042175293,0.650935173034668,0.18969217,2588
1638859576.6995776.jpg,1.03973388671875,0.25060081481933594,0.723388671875,0.6763346195220947,0.0,2115
1638859576.6995776.jpg,1.049259901046753,0.24810075759887695,0.7386679649353027,0.6887342929840088,0.0,2115
1638859576.6995776.jpg,1.0291247367858887,0.2389078140258789,0.7248072624206543,0.6764905452728271,0.0,2115
1638859576.6995776.jpg,1.1063194274902344,0.25566768646240234,0.7262568473815918,0.6699488162994385,0.0,2115
1638859576.6995776.jpg,1.1907405853271484,0.2253260612487793,0.7448384761810303,0.6973071098327637,0.0,2115
1638859409.709503.jpg,1.1846556663513184,0.2757275104522705,0.7034001350402832,0.6381568908691406,0.0,2164
1638859409.709503.jpg,1.1956965923309326,0.23096799850463867,0.7378242015838623,0.6904890537261963,0.0,2164
1638859409.709503.jpg,1.5569233894348145,0.279402494430542,0.7443094253540039,0.6590759754180908,0.0,2164
1638859409.709503.jpg,0.9975099563598633,0.22839975357055664,0.692742109298706,0.6453182697296143,0.0,2164
1638859409.709503.jpg,1.0605006217956543,0.25575852394104004,0.7415618896484375,0.6915531158447266,0.0,2164
1638859090.291929.jpg,1.0031511783599854,0.22748589515686035,0.7085163593292236,0.660895586013794,0.0,2433
1638859090.291929.jpg,1.0641915798187256,0.26050567626953125,0.7377958297729492,0.6881794929504395,0.0,2433
1638859090.291929.jpg,4.469116926193237,0.26105785369873047,0.7356905937194824,0.6548490524291992,0.0,2433
1638859090.291929.jpg,1.0592479705810547,0.2632567882537842,0.7293703556060791,0.6799373626708984,0.0,2433
1638859090.291929.jpg,0.9963223934173584,0.2325758934020996,0.7047076225280762,0.6576871871948242,0.0,2433
1638859498.846176.jpg,1.0176770687103271,0.25652074813842773,0.6966047286987305,0.6461427211761475,0.26126596,2431
1638859498.846176.jpg,1.0641727447509766,0.2593507766723633,0.739232063293457,0.6897196769714355,0.26126596,2431
1638859498.846176.jpg,1.0412297248840332,0.23063397407531738,0.7452075481414795,0.6886105537414551,0.26126596,2431
1638859498.846176.jpg,1.0084359645843506,0.25899362564086914,0.6825594902038574,0.6347506046295166,0.26126596,2431
1638859498.846176.jpg,1.0335729122161865,0.2284409999847412,0.7425572872161865,0.6920802593231201,0.26126596,2431
1638859094.2179437.jpg,1.040374755859375,0.2588944435119629,0.7150499820709229,0.6669847965240479,0.0,2401
1638859094.2179437.jpg,1.0846595764160156,0.2597026824951172,0.7556920051574707,0.6854150295257568,0.0,2401
1638859094.2179437.jpg,1.3457121849060059,0.24000287055969238,0.7482035160064697,0.6735227108001709,0.0,2401
1638859094.2179437.jpg,1.3789660930633545,0.26044559478759766,0.750340461730957,0.7004749774932861,0.0,2401
1638859094.2179437.jpg,1.2817976474761963,0.24312996864318848,0.9719204902648926,0.9247546195983887,0.0,2401
1638859424.9991379.jpg,1.063699722290039,0.2511460781097412,0.7354397773742676,0.6747479438781738,0.33205146,2055
1638859424.9991379.jpg,0.9993534088134766,0.22075319290161133,0.7027239799499512,0.6549367904663086,0.33205146,2055
1638859424.9991379.jpg,1.0717036724090576,0.25048375129699707,0.7532508373260498,0.7054822444915771,0.33205146,2055
1638859424.9991379.jpg,0.989288330078125,0.2227630615234375,0.7015283107757568,0.65305495262146,0.33205146,2055
1638859424.9991379.jpg,1.0724174976348877,0.2585897445678711,0.7371330261230469,0.6893572807312012,0.33205146,2055
1638859075.3498244.jpg,1.0457258224487305,0.2523345947265625,0.7252285480499268,0.666572093963623,0.21522407,2518
1638859075.3498244.jpg,1.0184152126312256,0.2312469482421875,0.7174551486968994,0.6669747829437256,0.21522407,2518
1638859075.3498244.jpg,1.0773828029632568,0.255828857421875,0.7532753944396973,0.7055835723876953,0.21522407,2518
1638859075.3498244.jpg,0.9982602596282959,0.22705602645874023,0.7085368633270264,0.6555154323577881,0.21522407,2518
1638859075.3498244.jpg,1.072000503540039,0.25705456733703613,0.7419936656951904,0.6942760944366455,0.21522407,2518
1638859444.2156723.jpg,1.0427367687225342,0.24356865882873535,0.7392909526824951,0.6860253810882568,0.19191423,2243
1638859444.2156723.jpg,1.0244371891021729,0.24832677841186523,0.7109835147857666,0.6632742881774902,0.19191423,2243
1638859444.2156723.jpg,1.0669326782226562,0.25723958015441895,0.742760181427002,0.6921472549438477,0.19191423,2243
1638859444.2156723.jpg,1.006704330444336,0.22992420196533203,0.7146692276000977,0.6667366027832031,0.19191423,2243
1638859444.2156723.jpg,1.0536768436431885,0.25913476943969727,0.7275614738464355,0.6770005226135254,0.19191423,2243
1638859549.0304558.jpg,1.0307648181915283,0.223236083984375,0.7448241710662842,0.6972947120666504,0.0,2090
1638859549.0304558.jpg,1.0282468795776367,0.25204968452453613,0.7092440128326416,0.6587080955505371,0.0,2090
1638859549.0304558.jpg,1.0405917167663574,0.25384974479675293,0.7181370258331299,0.6703548431396484,0.0,2090
1638859549.0304558.jpg,0.9872362613677979,0.22682809829711914,0.6907198429107666,0.6400513648986816,0.0,2090
1638859549.0304558.jpg,1.0930063724517822,0.2544999122619629,0.7527921199798584,0.7054321765899658,0.0,2090
1638859040.2008502.jpg,1.0399386882781982,0.2298128604888916,0.7454586029052734,0.6950528621673584,0.3967909,2612
1638859040.2008502.jpg,2.087310552597046,0.2681577205657959,0.741943359375,0.6609289646148682,0.3967909,2612
1638859040.2008502.jpg,0.9943761825561523,0.2333986759185791,0.6993715763092041,0.6491155624389648,0.3967909,2612
1638859040.2008502.jpg,1.0722744464874268,0.2625467777252197,0.7329576015472412,0.6853184700012207,0.3967909,2612
1638859040.2008502.jpg,1.010878086090088,0.2355189323425293,0.7130935192108154,0.6610863208770752,0.3967909,2612
1638859495.293246.jpg,1.0806505680084229,0.25675058364868164,0.7510161399841309,0.7031097412109375,0.0,2408
1638859495.293246.jpg,1.0497655868530273,0.259995698928833,0.7264416217803955,0.6641433238983154,0.0,2408
1638859495.293246.jpg,2.395390510559082,0.24071884155273438,0.7361586093902588,0.6611690521240234,0.0,2408
1638859495.293246.jpg,0.997718334197998,0.2314450740814209,0.7001461982727051,0.6493403911590576,0.0,2408
1638859495.293246.jpg,1.110551357269287,0.30916547775268555,0.7321245670318604,0.6845886707305908,0.0,2408
1638859373.9926748.jpg,1.1864125728607178,0.23314499855041504,0.6947736740112305,0.6442968845367432,0.0,2396
1638859373.9926748.jpg,1.1875996589660645,0.28740739822387695,0.7532172203063965,0.7056818008422852,0.0,2396
1638859373.9926748.jpg,1.1346549987792969,0.23561477661132812,0.7328228950500488,0.6826825141906738,0.0,2396
1638859373.9926748.jpg,2.4325942993164062,0.2625424861907959,0.7702288627624512,0.689199686050415,0.0,2396
1638859373.9926748.jpg,1.0506527423858643,0.25972461700439453,0.713886022567749,0.6615722179412842,0.0,2396
1638858291.8955135.jpg,1.0735936164855957,0.2581448554992676,0.7513625621795654,0.7029719352722168,0.0,2127
1638858291.8955135.jpg,2.4842610359191895,0.23377394676208496,0.7694065570831299,0.6819181442260742,0.0,2127
1638858291.8955135.jpg,1.0386238098144531,0.23105597496032715,0.7194905281066895,0.6720559597015381,0.0,2127
1638858291.8955135.jpg,1.1534228324890137,0.2636985778808594,0.728492259979248,0.6781725883483887,0.0,2127
1638858291.8955135.jpg,1.0660395622253418,0.23131108283996582,0.7084248065948486,0.6610076427459717,0.0,2127
1638859393.5280793.jpg,1.039454698562622,0.248734712600708,0.7229659557342529,0.6722633838653564,0.21631461,2062
1638859393.5280793.jpg,1.0076813697814941,0.2396411895751953,0.708601713180542,0.6606636047363281,0.21631461,2062
1638859393.5280793.jpg,1.0652804374694824,0.2360069751739502,0.7323400974273682,0.6818575859069824,0.21631461,2062
1638859393.5280793.jpg,1.0231008529663086,0.24932193756103516,0.70920729637146,0.6502203941345215,0.21631461,2062
1638859393.5280793.jpg,0.9954943656921387,0.2249739170074463,0.7075212001800537,0.6569530963897705,0.21631461,2062
1638858341.872268.jpg,2.3843390941619873,0.2570648193359375,0.7484931945800781,0.6676115989685059,0.0,2553
1638858341.872268.jpg,1.0737905502319336,0.2607886791229248,0.7484750747680664,0.6980652809143066,0.0,2553
1638858341.872268.jpg,1.061502456665039,0.25739264488220215,0.7455196380615234,0.697655439376831,0.0,2553
1638858341.872268.jpg,1.007328987121582,0.2405226230621338,0.6967711448669434,0.646129846572876,0.0,2553
1638858341.872268.jpg,1.0681664943695068,0.2602345943450928,0.7415511608123779,0.6940517425537109,0.0,2553
1638859506.0456975.jpg,1.0148909091949463,0.23357796669006348,0.7180898189544678,0.6617016792297363,0.0,2344
1638859506.0456975.jpg,1.0373618602752686,0.2617466449737549,0.7088475227355957,0.6614043712615967,0.0,2344
1638859506.0456975.jpg,1.0464696884155273,0.2495429515838623,0.7337257862091064,0.6836869716644287,0.0,2344
1638859506.0456975.jpg,1.0391337871551514,0.25327587127685547,0.7175917625427246,0.6700222492218018,0.0,2344
1638859506.0456975.jpg,2.4538464546203613,0.26292872428894043,0.7594578266143799,0.6831774711608887,0.0,2344
1638859128.8039994.jpg,1.0190396308898926,0.26282429695129395,0.6867926120758057,0.639223575592041,0.31019405,2384
1638859128.8039994.jpg,1.0753757953643799,0.23506426811218262,0.7480158805847168,0.6977212429046631,0.31019405,2384
1638859128.8039994.jpg,1.0193870067596436,0.25896692276000977,0.6954808235168457,0.6462244987487793,0.31019405,2384
1638859128.8039994.jpg,1.0500147342681885,0.2372128963470459,0.7450506687164307,0.6946127414703369,0.31019405,2384
1638859128.8039994.jpg,1.081066370010376,0.25748586654663086,0.7462306022644043,0.6880345344543457,0.31019405,2384
1638859487.658158.jpg,1.0333359241485596,0.260591983795166,0.7056915760040283,0.655437707901001,0.0,2316
1638859487.658158.jpg,1.0110762119293213,0.22891497611999512,0.7207801342010498,0.6730389595031738,0.0,2316
1638859487.658158.jpg,1.0235531330108643,0.2580997943878174,0.6988506317138672,0.649029016494751,0.0,2316
1638859487.658158.jpg,1.022564172744751,0.22860479354858398,0.7272233963012695,0.6793296337127686,0.0,2316
1638859487.658158.jpg,1.066321611404419,0.2652146816253662,0.7327926158905029,0.6710577011108398,0.0,2316
1638859525.3785744.jpg,1.035118818283081,0.26099276542663574,0.6996335983276367,0.6519677639007568,0.0,2105
1638859525.3785744.jpg,1.0137660503387451,0.23050189018249512,0.7134857177734375,0.6630971431732178,0.0,2105
1638859525.3785744.jpg,1.0302939414978027,0.25879478454589844,0.7060551643371582,0.6620223522186279,0.0,2105
1638859525.3785744.jpg,1.0177831649780273,0.23001694679260254,0.7221033573150635,0.6715285778045654,0.0,2105
1638859525.3785744.jpg,1.083935260772705,0.2562706470489502,0.726750373840332,0.6733918190002441,0.0,2105
1638859377.6730952.jpg,4.868930816650391,0.2573068141937256,0.7482967376708984,0.6620323657989502,0.15307382,2374
1638859377.6730952.jpg,1.0217180252075195,0.2591876983642578,0.6991610527038574,0.6566448211669922,0.15307382,2374
1638859377.6730952.jpg,1.023352861404419,0.23525595664978027,0.7287576198577881,0.6783714294433594,0.15307382,2374
1638859377.6730952.jpg,1.030224084854126,0.2583930492401123,0.7045750617980957,0.6562848091125488,0.15307382,2374
1638859377.6730952.jpg,1.0275111198425293,0.23362421989440918,0.7262437343597412,0.6759073734283447,0.15307382,2374
1638859561.8096292.jpg,1.0604794025421143,0.2559845447540283,0.7362987995147705,0.6874840259552002,0.1001663,2206
1638859561.8096292.jpg,1.0247068405151367,0.2592177391052246,0.7003531455993652,0.6496984958648682,0.1001663,2206
1638859561.8096292.jpg,1.1580865383148193,0.2512028217315674,0.7212116718292236,0.6737663745880127,0.1001663,2206
1638859561.8096292.jpg,1.1932251453399658,0.28047633171081543,0.6848812103271484,0.6345264911651611,0.1001663,2206
1638859561.8096292.jpg,1.1834015846252441,0.23116087913513184,0.723433256149292,0.6602110862731934,0.1001663,2206
1638859078.9341002.jpg,1.1375648975372314,0.2749826908111572,0.7363598346710205,0.6859860420227051,0.39934066,2465
1638859078.9341002.jpg,2.1185262203216553,0.2281200885772705,0.7659156322479248,0.6847591400146484,0.39934066,2465
1638859078.9341002.jpg,1.0088839530944824,0.2559394836425781,0.691002368927002,0.6406230926513672,0.39934066,2465
1638859078.9341002.jpg,1.0215790271759033,0.2276921272277832,0.7265591621398926,0.6790227890014648,0.39934066,2465
1638859078.9341002.jpg,1.0200059413909912,0.2558557987213135,0.69659423828125,0.6463842391967773,0.39934066,2465
1638858304.9529831.jpg,1.0138838291168213,0.22303271293640137,0.7041897773742676,0.6570608615875244,0.0,2169
1638858304.9529831.jpg,1.0816373825073242,0.2551417350769043,0.7238318920135498,0.6624650955200195,0.0,2169
1638858304.9529831.jpg,1.0665946006774902,0.2466416358947754,0.7121093273162842,0.6651787757873535,0.0,2169
1638858304.9529831.jpg,1.1682333946228027,0.2444167137145996,0.7469251155853271,0.6968462467193604,0.0,2169
1638858304.9529831.jpg,1.0961132049560547,0.2530186176300049,0.733269214630127,0.6858091354370117,0.0,2169
1638858288.3138113.jpg,1.0215520858764648,0.23044919967651367,0.7298617362976074,0.677248477935791,0.0,2273
1638858288.3138113.jpg,1.0401496887207031,0.2596766948699951,0.7124245166778564,0.6652500629425049,0.0,2273
1638858288.3138113.jpg,1.0066111087799072,0.23411297798156738,0.7099900245666504,0.660118579864502,0.0,2273
1638858288.3138113.jpg,2.3871817588806152,0.2605936527252197,0.756739616394043,0.6861574649810791,0.0,2273
1638858288.3138113.jpg,1.3718926906585693,0.26221370697021484,0.7508437633514404,0.7008121013641357,0.0,2273
1638859059.827174.jpg,0.9801452159881592,0.2423861026763916,0.6791591644287109,0.631601095199585,0.32398745,2157
1638859059.827174.jpg,1.0343608856201172,0.2288970947265625,0.7380518913269043,0.687746524810791,0.32398745,2157
1638859059.827174.jpg,1.0636355876922607,0.2520327568054199,0.7463092803955078,0.6988694667816162,0.32398745,2157
1638859059.827174.jpg,0.9744272232055664,0.22301578521728516,0.6916446685791016,0.6412174701690674,0.32398745,2157
1638859059.827174.jpg,1.0268008708953857,0.25176477432250977,0.7092223167419434,0.6618483066558838,0.32398745,2157
1638859064.133197.jpg,0.9905130863189697,0.24886584281921387,0.6821908950805664,0.6320090293884277,0.0,2452
1638859064.133197.jpg,1.0182976722717285,0.2409968376159668,0.7095460891723633,0.6628243923187256,0.0,2452
1638859064.133197.jpg,1.049936056137085,0.25964999198913574,0.7248775959014893,0.6742904186248779,0.0,2452
1638859064.133197.jpg,1.2872445583343506,0.23270702362060547,0.9904401302337646,0.9432885646820068,0.0,2452
1638859064.133197.jpg,1.0584917068481445,0.26010680198669434,0.7295522689819336,0.6678245067596436,0.0,2452
1638859540.9344175.jpg,0.9734883308410645,0.22377681732177734,0.6870777606964111,0.639134407043457,0.12007568,2137
1638859540.9344175.jpg,1.075761318206787,0.25298547744750977,0.756871223449707,0.7064554691314697,0.12007568,2137
1638859540.9344175.jpg,1.0612804889678955,0.25528788566589355,0.7149679660797119,0.6644566059112549,0.12007568,2137
1638859540.9344175.jpg,1.032114028930664,0.22398805618286133,0.7428784370422363,0.6922595500946045,0.12007568,2137
1638859540.9344175.jpg,1.0464637279510498,0.2629587650299072,0.7174158096313477,0.6590087413787842,0.12007568,2137
1638859584.4525359.jpg,0.9962780475616455,0.23317980766296387,0.7008960247039795,0.6508493423461914,0.0,2742
1638859584.4525359.jpg,1.0685694217681885,0.26378965377807617,0.738947868347168,0.6916153430938721,0.0,2742
1638859584.4525359.jpg,1.0359289646148682,0.25954604148864746,0.7077758312225342,0.6577179431915283,0.0,2742
1638859584.4525359.jpg,1.0690443515777588,0.2509787082672119,0.750115156173706,0.702592134475708,0.0,2742
1638859584.4525359.jpg,1.0780954360961914,0.2621595859527588,0.7439773082733154,0.6822152137756348,0.0,2742
1638859591.7705991.jpg,0.9789583683013916,0.2324371337890625,0.6855671405792236,0.6381988525390625,0.0,2808
1638859591.7705991.jpg,1.058607578277588,0.2613065242767334,0.7312533855438232,0.6813502311706543,0.0,2808
1638859591.7705991.jpg,1.0053880214691162,0.23873186111450195,0.703061580657959,0.653822660446167,0.0,2808
1638859591.7705991.jpg,1.0561766624450684,0.25740671157836914,0.7307367324829102,0.6804876327514648,0.0,2808
1638859591.7705991.jpg,1.3542919158935547,0.26143860816955566,0.7348802089691162,0.6538209915161133,0.0,2808
1638859537.2908542.jpg,1.0221898555755615,0.23793697357177734,0.713634729385376,0.6637451648712158,0.0,2138
1638859537.2908542.jpg,1.050607681274414,0.2578878402709961,0.7283461093902588,0.6809916496276855,0.0,2138
1638859537.2908542.jpg,0.9918630123138428,0.22986388206481934,0.698051929473877,0.6466796398162842,0.0,2138
1638859537.2908542.jpg,1.0874881744384766,0.26045656204223633,0.7521846294403076,0.7083530426025391,0.0,2138
1638859537.2908542.jpg,1.050060510635376,0.24398589134216309,0.740941047668457,0.6792974472045898,0.0,2138
1638859569.4529705.jpg,1.088663101196289,0.25708460807800293,0.7093393802642822,0.661480188369751,0.12849408,2179
1638859569.4529705.jpg,1.0648365020751953,0.25814056396484375,0.7391383647918701,0.6865277290344238,0.12849408,2179
1638859569.4529705.jpg,0.9936349391937256,0.2322399616241455,0.700432538986206,0.6521816253662109,0.12849408,2179
1638859569.4529705.jpg,1.0841522216796875,0.2604985237121582,0.7493715286254883,0.6976828575134277,0.12849408,2179
1638859569.4529705.jpg,0.9882252216339111,0.22926902770996094,0.6883611679077148,0.6405694484710693,0.12849408,2179
1638859588.1014383.jpg,1.3360421657562256,0.2880284786224365,0.7767112255096436,0.7257616519927979,0.0,2870
1638859588.1014383.jpg,1.1977691650390625,0.2671186923980713,0.7313129901885986,0.6828060150146484,0.0,2870
1638859588.1014383.jpg,1.185180425643921,0.28839850425720215,0.7116928100585938,0.6461057662963867,0.0,2870
1638859588.1014383.jpg,1.5878005027770996,0.2852742671966553,0.7635610103607178,0.6915738582611084,0.0,2870
1638859588.1014383.jpg,1.0421416759490967,0.2660844326019287,0.710726261138916,0.6602208614349365,0.0,2870
1638859521.7804093.jpg,1.0259647369384766,0.24506759643554688,0.7213613986968994,0.6726706027984619,0.0,2130
1638859521.7804093.jpg,1.0307915210723877,0.24721956253051758,0.7157044410705566,0.6659040451049805,0.0,2130
1638859521.7804093.jpg,1.0515494346618652,0.2597484588623047,0.7253625392913818,0.6754388809204102,0.0,2130
1638859521.7804093.jpg,4.298217535018921,0.2312779426574707,0.7383580207824707,0.6580290794372559,0.0,2130
1638859521.7804093.jpg,1.1627817153930664,0.25797486305236816,0.7253682613372803,0.6784355640411377,0.0,2130
1638859436.993507.jpg,1.0619306564331055,0.23191094398498535,0.7512485980987549,0.6877143383026123,0.27179345,2456
1638859436.993507.jpg,1.0364787578582764,0.2603907585144043,0.7087783813476562,0.6609113216400146,0.27179345,2456
1638859436.993507.jpg,1.0737764835357666,0.23279094696044922,0.730410099029541,0.6796202659606934,0.27179345,2456
1638859436.993507.jpg,1.0390965938568115,0.2604036331176758,0.7036793231964111,0.655529260635376,0.27179345,2456
1638859436.993507.jpg,1.3740136623382568,0.2431166172027588,0.7615840435028076,0.6877696514129639,0.27179345,2456
1638859544.9347801.jpg,1.0662245750427246,0.2522165775299072,0.7111968994140625,0.6639072895050049,0.0,2095
1638859544.9347801.jpg,1.3702878952026367,0.2545359134674072,0.7577574253082275,0.678680419921875,0.0,2095
1638859544.9347801.jpg,1.0278117656707764,0.25661778450012207,0.7037501335144043,0.6564390659332275,0.0,2095
1638859544.9347801.jpg,1.0745961666107178,0.26373744010925293,0.7417480945587158,0.6919405460357666,0.0,2095
1638859544.9347801.jpg,1.008862018585205,0.2269740104675293,0.7076411247253418,0.6604413986206055,0.0,2095
1638858315.7909262.jpg,1.096254825592041,0.25555872917175293,0.7609424591064453,0.7109243869781494,0.0,2207
1638858315.7909262.jpg,1.3796186447143555,0.22919988632202148,1.087977409362793,0.6784145832061768,0.0,2207
1638858315.7909262.jpg,1.0167510509490967,0.25981974601745605,0.6907081604003906,0.6406700611114502,0.0,2207
1638858315.7909262.jpg,1.04190993309021,0.23416614532470703,0.7412331104278564,0.6938705444335938,0.0,2207
1638858315.7909262.jpg,1.0449016094207764,0.2596766948699951,0.7202916145324707,0.6701431274414062,0.0,2207
1638858333.7707064.jpg,1.0626935958862305,0.2617645263671875,0.7400224208831787,0.6917822360992432,0.0,2480
1638858333.7707064.jpg,1.0336217880249023,0.23791790008544922,0.7298870086669922,0.6798856258392334,0.0,2480
1638858333.7707064.jpg,1.031390905380249,0.26087284088134766,0.6984937191009521,0.6508605480194092,0.0,2480
1638858333.7707064.jpg,1.5681297779083252,0.23257184028625488,1.2618257999420166,0.6608784198760986,0.0,2480
1638858333.7707064.jpg,1.0691492557525635,0.2633848190307617,0.733983039855957,0.6867818832397461,0.0,2480
1638859082.9124146.jpg,1.006136178970337,0.23018598556518555,0.7154014110565186,0.665562629699707,0.0,2076
1638859082.9124146.jpg,1.008239984512329,0.25434374809265137,0.6857650279998779,0.6381866931915283,0.0,2076
1638859082.9124146.jpg,1.0132179260253906,0.2397007942199707,0.7154526710510254,0.6657302379608154,0.0,2076
1638859082.9124146.jpg,1.0273246765136719,0.24863266944885254,0.7071502208709717,0.6595680713653564,0.0,2076
1638859082.9124146.jpg,1.0812294483184814,0.26302099227905273,0.752948522567749,0.7031459808349609,0.0,2076
1638858994.7333193.jpg,0.9996380805969238,0.22552108764648438,0.7129533290863037,0.6643240451812744,0.0,2222
1638858994.7333193.jpg,1.03538179397583,0.2561047077178955,0.7135148048400879,0.6634714603424072,0.0,2222
1638858994.7333193.jpg,0.9790124893188477,0.22741913795471191,0.6927883625030518,0.6455686092376709,0.0,2222
1638858994.7333193.jpg,1.0295708179473877,0.25456666946411133,0.7100205421447754,0.6595368385314941,0.0,2222
1638858994.7333193.jpg,1.048386573791504,0.2566204071044922,0.7261579036712646,0.6789884567260742,0.0,2222
1638859513.9043398.jpg,1.0399127006530762,0.23044681549072266,0.7427091598510742,0.6923809051513672,0.0,2256
1638859513.9043398.jpg,1.061568260192871,0.2590048313140869,0.7213108539581299,0.6694595813751221,0.0,2256
1638859513.9043398.jpg,1.0207629203796387,0.23409485816955566,0.7274003028869629,0.6773450374603271,0.0,2256
1638859513.9043398.jpg,1.0210597515106201,0.25975871086120605,0.6958446502685547,0.6481020450592041,0.0,2256
1638859513.9043398.jpg,1.0741875171661377,0.2618236541748047,0.7213389873504639,0.6714165210723877,0.0,2256
1638859010.9028807.jpg,1.0131447315216064,0.23189187049865723,0.7183904647827148,0.6704990863800049,0.0,2568
1638859010.9028807.jpg,1.0314977169036865,0.2655067443847656,0.7010459899902344,0.6505892276763916,0.0,2568
1638859010.9028807.jpg,0.9995021820068359,0.23398494720458984,0.7024624347686768,0.6544256210327148,0.0,2568
1638859010.9028807.jpg,1.0271117687225342,0.2653985023498535,0.6892871856689453,0.638685941696167,0.0,2568
1638859010.9028807.jpg,1.0521745681762695,0.2650468349456787,0.7203929424285889,0.6725127696990967,0.0,2568
1638859478.6694808.jpg,1.0196609497070312,0.22172331809997559,0.7347347736358643,0.684898853302002,0.0,2191
1638859478.6694808.jpg,1.0380234718322754,0.25386977195739746,0.6824793815612793,0.6354084014892578,0.0,2191
1638859478.6694808.jpg,1.2182531356811523,0.22589993476867676,0.7244515419006348,0.6743295192718506,0.0,2191
1638859478.6694808.jpg,1.1662986278533936,0.2799715995788574,0.7172315120697021,0.6700193881988525,0.0,2191
1638859478.6694808.jpg,1.1925313472747803,0.2268810272216797,0.712907075881958,0.6473503112792969,0.0,2191
1638858308.5180666.jpg,1.129871129989624,0.2809305191040039,0.7281873226165771,0.679835319519043,0.0,2162
1638858308.5180666.jpg,1.0594892501831055,0.24456787109375,0.7378406524658203,0.6827917098999023,0.0,2162
1638858308.5180666.jpg,1.0365827083587646,0.25343894958496094,0.703681230545044,0.6564269065856934,0.0,2162
1638858308.5180666.jpg,4.699048757553101,0.2604637145996094,0.7520818710327148,0.6726806163787842,0.0,2162
1638858308.5180666.jpg,1.7512564659118652,0.2594316005706787,0.7188711166381836,0.6379799842834473,0.0,2162
1638858312.2182076.jpg,1.1450064182281494,0.23132967948913574,0.7414324283599854,0.6916780471801758,0.0,2183
1638858312.2182076.jpg,1.0659801959991455,0.25954174995422363,0.7354886531829834,0.6724326610565186,0.0,2183
1638858312.2182076.jpg,1.0152437686920166,0.22986388206481934,0.7134733200073242,0.6639928817749023,0.0,2183
1638858312.2182076.jpg,1.0600535869598389,0.2595646381378174,0.7284102439880371,0.681311845779419,0.0,2183
1638858312.2182076.jpg,0.9887440204620361,0.23436498641967773,0.6913373470306396,0.6408662796020508,0.0,2183
1638859071.5206482.jpg,1.044419527053833,0.2575716972351074,0.7198135852813721,0.6725931167602539,0.0,2583
1638859071.5206482.jpg,1.0719375610351562,0.25954174995422363,0.7483184337615967,0.6987085342407227,0.0,2583
1638859071.5206482.jpg,1.003756046295166,0.2321319580078125,0.7061972618103027,0.6581861972808838,0.0,2583
1638859071.5206482.jpg,1.063765525817871,0.2595334053039551,0.7315552234649658,0.6817672252655029,0.0,2583
1638859071.5206482.jpg,0.9991741180419922,0.2317488193511963,0.7058844566345215,0.6587433815002441,0.0,2583
1638859150.8668318.jpg,1.0288116931915283,0.24591875076293945,0.7093465328216553,0.658707857131958,0.2053658,2195
1638859150.8668318.jpg,2.3969335556030273,0.2520420551300049,0.7569916248321533,0.6840906143188477,0.2053658,2195
1638859150.8668318.jpg,1.0012359619140625,0.24988889694213867,0.6867969036102295,0.636164665222168,0.2053658,2195
1638859150.8668318.jpg,1.2591536045074463,0.22153425216674805,0.9763765335083008,0.927819013595581,0.2053658,2195
1638859150.8668318.jpg,1.0848841667175293,0.2521026134490967,0.7470049858093262,0.6968331336975098,0.2053658,2195
1638859460.6644094.jpg,1.0146267414093018,0.2331700325012207,0.7168402671813965,0.6689653396606445,0.0,2464
1638859460.6644094.jpg,1.0303096771240234,0.2623007297515869,0.699413537979126,0.6518793106079102,0.0,2464
1638859460.6644094.jpg,1.0624346733093262,0.2652628421783447,0.7320005893707275,0.6814718246459961,0.0,2464
1638859460.6644094.jpg,1.0780000686645508,0.23824691772460938,0.6997339725494385,0.6501188278198242,0.0,2464
1638859460.6644094.jpg,2.394129514694214,0.26280975341796875,0.7545173168182373,0.678844690322876,0.0,2464
1638859417.4746137.jpg,1.0579724311828613,0.25524282455444336,0.724055290222168,0.6732795238494873,0.1345363,2184
1638859417.4746137.jpg,1.323115348815918,0.2284550666809082,0.7212159633636475,0.6399681568145752,0.1345363,2184
1638859417.4746137.jpg,1.3692376613616943,0.25691962242126465,0.7552073001861572,0.7030653953552246,0.1345363,2184
1638859417.4746137.jpg,1.0142996311187744,0.23410964012145996,0.7187149524688721,0.6705307960510254,0.1345363,2184
1638859417.4746137.jpg,1.058225393295288,0.2562587261199951,0.7353909015655518,0.6846559047698975,0.1345363,2184
1638859105.054991.jpg,1.0432765483856201,0.23965811729431152,0.7143981456756592,0.6555590629577637,0.1979457,2298
1638859105.054991.jpg,1.0212717056274414,0.2523798942565918,0.6970043182373047,0.645960807800293,0.1979457,2298
1638859105.054991.jpg,1.0613634586334229,0.2579987049102783,0.7392783164978027,0.6914401054382324,0.1979457,2298
1638859105.054991.jpg,0.9999117851257324,0.22631382942199707,0.7124166488647461,0.6619861125946045,0.1979457,2298
1638859105.054991.jpg,1.0645654201507568,0.2584967613220215,0.7407717704772949,0.6831824779510498,0.1979457,2298
1638858991.16463.jpg,1.0342144966125488,0.23006677627563477,0.734710693359375,0.6842222213745117,0.0,2316
1638858991.16463.jpg,1.0316407680511475,0.2610447406768799,0.7053725719451904,0.65765380859375,0.0,2316
1638858991.16463.jpg,1.0616095066070557,0.2619497776031494,0.7348968982696533,0.6845118999481201,0.0,2316
1638858991.16463.jpg,0.9972121715545654,0.2367110252380371,0.699897289276123,0.6528489589691162,0.0,2316
1638858991.16463.jpg,1.070817232131958,0.2618446350097656,0.7286670207977295,0.6783978939056396,0.0,2316
1638859022.0452528.jpg,1.02347993850708,0.23168325424194336,0.7269601821899414,0.679222822189331,0.15485233,2472
1638859022.0452528.jpg,1.0374135971069336,0.2635204792022705,0.7060747146606445,0.6557221412658691,0.15485233,2472
1638859022.0452528.jpg,1.0930182933807373,0.2673146724700928,0.7590916156768799,0.7112810611724854,0.15485233,2472
1638859022.0452528.jpg,1.0011358261108398,0.23572278022766113,0.6927430629730225,0.6419758796691895,0.15485233,2472
1638859022.0452528.jpg,1.3702917098999023,0.2649106979370117,0.7468385696411133,0.6873300075531006,0.15485233,2472
1638859014.7957647.jpg,1.1312217712402344,0.23827266693115234,0.70131516456604,0.6509978771209717,0.0,2522
1638859014.7957647.jpg,1.182934284210205,0.28666043281555176,0.747138261795044,0.6851730346679688,0.0,2522
1638859014.7957647.jpg,1.2001104354858398,0.23761701583862305,0.720238208770752,0.6699109077453613,0.0,2522
1638859014.7957647.jpg,1.207125186920166,0.2884094715118408,0.7486650943756104,0.6861486434936523,0.0,2522
1638859014.7957647.jpg,1.089982271194458,0.29253053665161133,0.7334952354431152,0.6828672885894775,0.0,2522
1638859025.728633.jpg,1.074275255203247,0.26752352714538574,0.7274749279022217,0.6801474094390869,0.0,2446
1638859025.728633.jpg,1.0134069919586182,0.24701881408691406,0.7078225612640381,0.6575958728790283,0.0,2446
1638859025.728633.jpg,1.3667936325073242,0.25319552421569824,0.7433457374572754,0.6617014408111572,0.0,2446
1638859025.728633.jpg,1.015746831893921,0.2642076015472412,0.6890671253204346,0.6389532089233398,0.0,2446
1638859025.728633.jpg,1.0789144039154053,0.2386009693145752,0.7126960754394531,0.6626391410827637,0.0,2446
1638859097.8522763.jpg,1.172757625579834,0.26196980476379395,0.7490596771240234,0.6982510089874268,0.0,2352
1638859097.8522763.jpg,1.1975493431091309,0.23249197006225586,0.7425320148468018,0.6951329708099365,0.0,2352
1638859097.8522763.jpg,1.2031750679016113,0.26413965225219727,0.7416605949401855,0.6912825107574463,0.0,2352
1638859097.8522763.jpg,1.0242466926574707,0.23308587074279785,0.729210615158081,0.666334867477417,0.0,2352
1638859097.8522763.jpg,1.04716157913208,0.2609548568725586,0.7005953788757324,0.6499948501586914,0.0,2352
1638859491.2398384.jpg,1.023118019104004,0.24890375137329102,0.7156078815460205,0.668229341506958,0.110804774,2470
1638859491.2398384.jpg,1.0351135730743408,0.24789190292358398,0.715315580368042,0.6644082069396973,0.110804774,2470
1638859491.2398384.jpg,1.0748953819274902,0.26262760162353516,0.7455277442932129,0.6975090503692627,0.110804774,2470
1638859491.2398384.jpg,1.0139667987823486,0.2322540283203125,0.717440128326416,0.660818338394165,0.110804774,2470
1638859491.2398384.jpg,1.017225742340088,0.2652137279510498,0.6868033409118652,0.6390235424041748,0.110804774,2470
1638858275.280067.jpg,1.0481984615325928,0.23554778099060059,0.7510044574737549,0.7004709243774414,0.0,2308
1638858275.280067.jpg,1.0138797760009766,0.2575044631958008,0.6906485557556152,0.643765926361084,0.0,2308
1638858275.280067.jpg,1.0660665035247803,0.25217485427856445,0.7496864795684814,0.6993687152862549,0.0,2308
1638858275.280067.jpg,1.0088458061218262,0.22533369064331055,0.7201764583587646,0.6728634834289551,0.0,2308
1638858275.280067.jpg,1.0191497802734375,0.25333070755004883,0.698167085647583,0.6480839252471924,0.0,2308
1638859032.907558.jpg,1.0047588348388672,0.23233270645141602,0.692694902420044,0.6458637714385986,0.0,2388
1638859032.907558.jpg,1.0349836349487305,0.26279473304748535,0.7062456607818604,0.656064510345459,0.0,2388
1638859032.907558.jpg,2.4115331172943115,0.261136531829834,0.74613356590271,0.6656792163848877,0.0,2388
1638859032.907558.jpg,1.0278809070587158,0.26068878173828125,0.7019610404968262,0.6517119407653809,0.0,2388
1638859032.907558.jpg,1.0347716808319092,0.234022855758667,0.728377103805542,0.6815485954284668,0.0,2388
1638859382.698106.jpg,1.3870205879211426,0.25362348556518555,1.0627992153167725,0.681072473526001,0.0,2372
1638859382.698106.jpg,1.0301177501678467,0.2306690216064453,0.738396167755127,0.6886177062988281,0.0,2372
1638859382.698106.jpg,1.0202157497406006,0.25781869888305664,0.6960098743438721,0.6437861919403076,0.0,2372
1638859382.698106.jpg,1.0372605323791504,0.25267863273620605,0.7232513427734375,0.6761596202850342,0.0,2372
1638859382.698106.jpg,2.4112672805786133,0.24244379997253418,0.7236170768737793,0.6376583576202393,0.0,2372
1638858300.450434.jpg,0.9880099296569824,0.22303199768066406,0.7028141021728516,0.6554486751556396,0.0,2096
1638858300.450434.jpg,1.4233150482177734,0.2541477680206299,0.7341494560241699,0.6831223964691162,0.0,2096
1638858300.450434.jpg,1.0562126636505127,0.22652697563171387,0.7644503116607666,0.7168200016021729,0.0,2096
1638858300.450434.jpg,1.0602633953094482,0.2538487911224365,0.7394835948944092,0.6775803565979004,0.0,2096
1638858300.450434.jpg,0.9921820163726807,0.22495388984680176,0.7052886486053467,0.6579062938690186,0.0,2096
1638859018.3966541.jpg,1.0598664283752441,0.25774264335632324,0.7354564666748047,0.684852123260498,0.1403112,2491
1638859018.3966541.jpg,1.0469255447387695,0.26602864265441895,0.714221715927124,0.6663715839385986,0.1403112,2491
1638859018.3966541.jpg,1.0206689834594727,0.2339179515838623,0.7244260311126709,0.6733834743499756,0.1403112,2491
1638859018.3966541.jpg,1.3984732627868652,0.26610565185546875,0.7627148628234863,0.6922311782836914,0.1403112,2491
1638859018.3966541.jpg,1.0100889205932617,0.23357701301574707,0.7153394222259521,0.664597749710083,0.1403112,2491
1638859509.741117.jpg,1.0743823051452637,0.2582817077636719,0.7314310073852539,0.6833231449127197,0.0,2215
1638859509.741117.jpg,0.9906299114227295,0.23279595375061035,0.6971323490142822,0.646439790725708,0.0,2215
1638859509.741117.jpg,1.080111026763916,0.2601504325866699,0.7510221004486084,0.7037398815155029,0.0,2215
1638859509.741117.jpg,1.0626716613769531,0.2605557441711426,0.7340748310089111,0.6717898845672607,0.0,2215
1638859509.741117.jpg,0.9853980541229248,0.23172378540039062,0.6842424869537354,0.6358785629272461,0.0,2215
1638859132.3518987.jpg,1.0736172199249268,0.2562747001647949,0.7534241676330566,0.7028963565826416,0.2047519,2389
1638859132.3518987.jpg,0.990156888961792,0.2308647632598877,0.6979961395263672,0.6503632068634033,0.2047519,2389
1638859132.3518987.jpg,1.186570405960083,0.25883984565734863,0.7142815589904785,0.6638340950012207,0.2047519,2389
1638859132.3518987.jpg,1.1850636005401611,0.26208972930908203,0.7514183521270752,0.6714074611663818,0.2047519,2389
1638859132.3518987.jpg,1.1906723976135254,0.28441333770751953,0.7530984878540039,0.7027664184570312,0.2047519,2389
1638858330.1484354.jpg,1.1831481456756592,0.2736854553222656,0.7521991729736328,0.6712005138397217,0.21845108,1987
1638858330.1484354.jpg,1.1351048946380615,0.27230072021484375,0.7296237945556641,0.6794795989990234,0.21845108,1987
1638858330.1484354.jpg,1.0489325523376465,0.2542145252227783,0.72879958152771,0.6811745166778564,0.21845108,1987
1638858330.1484354.jpg,0.9952907562255859,0.22454190254211426,0.7059884071350098,0.6554245948791504,0.21845108,1987
1638858330.1484354.jpg,1.0301589965820312,0.2535288333892822,0.7143433094024658,0.6667258739471436,0.21845108,1987
1638859108.6449215.jpg,1.0176231861114502,0.22077417373657227,0.7362899780273438,0.685739278793335,0.7212963,2248
1638859108.6449215.jpg,1.035010576248169,0.24985074996948242,0.7193701267242432,0.6721336841583252,0.7212963,2248
1638859108.6449215.jpg,1.0606544017791748,0.24952459335327148,0.7385349273681641,0.6873059272766113,0.7212963,2248
1638859108.6449215.jpg,2.2958052158355713,0.22502803802490234,0.7589302062988281,0.6780016422271729,0.7212963,2248
1638859108.6449215.jpg,1.1558284759521484,0.22442293167114258,0.7328958511352539,0.6826231479644775,0.7212963,2248
1638859136.0278258.jpg,1.0520963668823242,0.25858545303344727,0.7267844676971436,0.6685245037078857,0.27193302,2354
1638859136.0278258.jpg,0.9985418319702148,0.23028278350830078,0.7084791660308838,0.6580252647399902,0.27193302,2354
1638859136.0278258.jpg,1.0495622158050537,0.26519227027893066,0.7197887897491455,0.6722488403320312,0.27193302,2354
1638859136.0278258.jpg,1.0075221061706543,0.25340986251831055,0.687345027923584,0.6371927261352539,0.27193302,2354
1638859136.0278258.jpg,0.9883551597595215,0.23335504531860352,0.6919634342193604,0.6443867683410645,0.27193302,2354
1638859140.007508.jpg,1.0753653049468994,0.25472450256347656,0.752234697341919,0.6901509761810303,0.2218962,2314
1638859140.007508.jpg,1.0022468566894531,0.22797894477844238,0.7127749919891357,0.6654322147369385,0.2218962,2314
1638859140.007508.jpg,1.0407555103302002,0.254793643951416,0.7195019721984863,0.6689505577087402,0.2218962,2314
1638859140.007508.jpg,1.0377936363220215,0.25589871406555176,0.7130007743835449,0.6656501293182373,0.2218962,2314
1638859140.007508.jpg,1.0274410247802734,0.2282729148864746,0.7378466129302979,0.6873042583465576,0.2218962,2314
1638858972.7726066.jpg,1.0305347442626953,0.25843071937561035,0.7065093517303467,0.6563079357147217,0.14803226,2617
1638858972.7726066.jpg,1.1357417106628418,0.233123779296875,0.7174806594848633,0.6663436889648438,0.14803226,2617
1638858972.7726066.jpg,1.3891572952270508,0.26081061363220215,1.0279815196990967,0.9799642562866211,0.14803226,2617
1638858972.7726066.jpg,1.0457656383514404,0.22956418991088867,0.7495572566986084,0.6985697746276855,0.14803226,2617
1638858972.7726066.jpg,1.1240887641906738,0.25931453704833984,0.757122278213501,0.6943120956420898,0.14803226,2617
1638858326.5549517.jpg,1.0108768939971924,0.24191689491271973,0.7087652683258057,0.6574780941009521,0.0,1669
1638858326.5549517.jpg,0.9908320903778076,0.22926592826843262,0.695096492767334,0.6472008228302002,0.0,1669
1638858326.5549517.jpg,1.0405528545379639,0.24984288215637207,0.7254526615142822,0.6752781867980957,0.0,1669
1638858326.5549517.jpg,0.9834611415863037,0.22193264961242676,0.7013421058654785,0.6531383991241455,0.0,1669
1638858326.5549517.jpg,1.0451672077178955,0.2499995231628418,0.7261805534362793,0.6723058223724365,0.0,1669
1638859400.6757352.jpg,1.0305428504943848,0.24399113655090332,0.7255127429962158,0.6769676208496094,0.0,2042
1638859400.6757352.jpg,1.0421254634857178,0.23582863807678223,0.736804723739624,0.6858916282653809,0.0,2042
1638859400.6757352.jpg,1.0511174201965332,0.2567617893218994,0.7293434143066406,0.681384801864624,0.0,2042
1638859400.6757352.jpg,0.9802701473236084,0.22388625144958496,0.6946656703948975,0.6439213752746582,0.0,2042
1638859400.6757352.jpg,1.0131115913391113,0.2562844753265381,0.6917827129364014,0.6436769962310791,0.0,2042
1638859428.7807984.jpg,1.0268096923828125,0.23726987838745117,0.7288529872894287,0.6772820949554443,0.0,2015
1638859428.7807984.jpg,1.018711805343628,0.24095988273620605,0.7086396217346191,0.6504316329956055,0.0,2015
1638859428.7807984.jpg,1.021589756011963,0.2513434886932373,0.7057771682739258,0.6549348831176758,0.0,2015
1638859428.7807984.jpg,0.9959907531738281,0.22452688217163086,0.693260908126831,0.646221399307251,0.0,2015
1638859428.7807984.jpg,1.050323486328125,0.24993658065795898,0.7278521060943604,0.677480936050415,0.0,2015
1638859370.2894099.jpg,1.039907455444336,0.24251174926757812,0.7322342395782471,0.6848220825195312,0.0,2409
1638859370.2894099.jpg,1.0231478214263916,0.25545573234558105,0.7009789943695068,0.6506054401397705,0.0,2409
1638859370.2894099.jpg,1.0946741104125977,0.26839399337768555,0.7547805309295654,0.7072668075561523,0.0,2409
1638859370.2894099.jpg,1.0210487842559814,0.23823094367980957,0.7219171524047852,0.6738293170928955,0.0,2409
1638859370.2894099.jpg,1.0179219245910645,0.2627561092376709,0.6910281181335449,0.6435132026672363,0.0,2409
1638859580.7838762.jpg,1.007589340209961,0.2193586826324463,0.7225120067596436,0.6741526126861572,0.0,2176
1638859580.7838762.jpg,1.0340464115142822,0.2513594627380371,0.717165470123291,0.6696529388427734,0.0,2176
1638859580.7838762.jpg,1.0402452945709229,0.24869060516357422,0.7275714874267578,0.679858922958374,0.0,2176
1638859580.7838762.jpg,1.021378993988037,0.22362661361694336,0.737236738204956,0.6891186237335205,0.0,2176
1638859580.7838762.jpg,1.0390644073486328,0.24976563453674316,0.7242352962493896,0.6769027709960938,0.0,2176
1638859397.0863261.jpg,0.9799878597259521,0.21855497360229492,0.6999819278717041,0.6522254943847656,0.71001303,2006
1638859397.0863261.jpg,1.0195772647857666,0.24404597282409668,0.707402229309082,0.6593878269195557,0.71001303,2006
1638859397.0863261.jpg,1.069488763809204,0.24735760688781738,0.7366490364074707,0.689014196395874,0.71001303,2006
1638859397.0863261.jpg,1.2014944553375244,0.22045254707336426,0.7663877010345459,0.7048525810241699,0.71001303,2006
1638859397.0863261.jpg,1.1775438785552979,0.2692835330963135,0.7499790191650391,0.7018635272979736,0.71001303,2006
1638859474.214695.jpg,1.1924302577972412,0.22890138626098633,0.7140865325927734,0.6497995853424072,0.0,2376
1638859474.214695.jpg,1.5425338745117188,0.2816805839538574,0.7215785980224609,0.6395454406738281,0.0,2376
1638859474.214695.jpg,0.9784064292907715,0.22687983512878418,0.6861438751220703,0.6382453441619873,0.0,2376
1638859474.214695.jpg,1.0637335777282715,0.25963258743286133,0.7393138408660889,0.6915514469146729,0.0,2376
1638859474.214695.jpg,1.008878469467163,0.22790074348449707,0.7199366092681885,0.6719036102294922,0.0,2376
1638859558.1651623.jpg,1.0972137451171875,0.2547767162322998,0.7420716285705566,0.6934924125671387,0.0,2167
1638859558.1651623.jpg,2.3595635890960693,0.2566249370574951,0.7403185367584229,0.6681525707244873,0.0,2167
1638859558.1651623.jpg,1.2728924751281738,0.257382869720459,0.7240533828735352,0.6751835346221924,0.0,2167
1638859558.1651623.jpg,1.0679070949554443,0.23481178283691406,0.7104232311248779,0.647843599319458,0.0,2167
1638859558.1651623.jpg,1.016047716140747,0.26002955436706543,0.6883633136749268,0.6408529281616211,0.0,2167
1638859470.554894.jpg,1.0034232139587402,0.22829198837280273,0.7113132476806641,0.6635940074920654,0.19822486,2425
1638859470.554894.jpg,1.0166709423065186,0.2612287998199463,0.6904830932617188,0.642859935760498,0.19822486,2425
1638859470.554894.jpg,1.0302457809448242,0.2459714412689209,0.7231521606445312,0.6751787662506104,0.19822486,2425
1638859470.554894.jpg,1.0541298389434814,0.2537672519683838,0.7201714515686035,0.6613936424255371,0.19822486,2425
1638859470.554894.jpg,1.0334134101867676,0.25968074798583984,0.7093212604522705,0.6614987850189209,0.19822486,2425
1638859143.648061.jpg,1.0265560150146484,0.2240431308746338,0.7430243492126465,0.6889400482177734,0.2455162,2323
1638859143.648061.jpg,1.0199072360992432,0.25251317024230957,0.7008726596832275,0.6530566215515137,0.2455162,2323
1638859143.648061.jpg,1.0928452014923096,0.23626470565795898,0.7547907829284668,0.7067131996154785,0.2455162,2323
1638859143.648061.jpg,1.0422508716583252,0.25600123405456543,0.7181816101074219,0.6591751575469971,0.2455162,2323
1638859143.648061.jpg,2.4033689498901367,0.2553980350494385,0.7433648109436035,0.6729168891906738,0.2455162,2323
1638859404.5890343.jpg,1.027388334274292,0.2538020610809326,0.699495792388916,0.6516873836517334,0.0,2237
1638859404.5890343.jpg,1.0114459991455078,0.23062396049499512,0.7209770679473877,0.6733970642089844,0.0,2237
1638859404.5890343.jpg,1.0272469520568848,0.2537674903869629,0.6912453174591064,0.6433086395263672,0.0,2237
1638859404.5890343.jpg,1.039283037185669,0.2401905059814453,0.74045729637146,0.6930747032165527,0.0,2237
1638859404.5890343.jpg,1.0736544132232666,0.2564513683319092,0.7516524791717529,0.7043440341949463,0.0,2237
1638859043.7611094.jpg,1.0303707122802734,0.2580251693725586,0.7067368030548096,0.6591267585754395,0.1720526,2706
1638859043.7611094.jpg,0.9833111763000488,0.23309087753295898,0.6886022090911865,0.6407759189605713,0.1720526,2706
1638859043.7611094.jpg,1.0519132614135742,0.2620220184326172,0.7202792167663574,0.6724205017089844,0.1720526,2706
1638859043.7611094.jpg,1.037092924118042,0.2332010269165039,0.7428765296936035,0.6954054832458496,0.1720526,2706
1638859043.7611094.jpg,1.399888277053833,0.26178622245788574,0.7334134578704834,0.6563243865966797,0.1720526,2706
1638859440.6666799.jpg,1.0124855041503906,0.23923277854919434,0.7044978141784668,0.6564512252807617,0.34422463,2429
1638859440.6666799.jpg,1.0802488327026367,0.266599178314209,0.7286665439605713,0.6810216903686523,0.34422463,2429
1638859440.6666799.jpg,1.0457508563995361,0.26035237312316895,0.6950380802154541,0.6471643447875977,0.34422463,2429
1638859440.6666799.jpg,1.0153887271881104,0.23198604583740234,0.7224338054656982,0.673799991607666,0.34422463,2429
1638859440.6666799.jpg,1.052400827407837,0.25955939292907715,0.7276217937469482,0.6800949573516846,0.34422463,2429
1638859029.3403072.jpg,1.0189907550811768,0.2281041145324707,0.7271425724029541,0.6795017719268799,0.0,1958
1638859029.3403072.jpg,1.01316237449646,0.2605714797973633,0.6872313022613525,0.6397743225097656,0.0,1958
1638859029.3403072.jpg,1.0664966106414795,0.2609431743621826,0.7388408184051514,0.6911892890930176,0.0,1958
1638859029.3403072.jpg,1.0382423400878906,0.23029303550720215,0.7426292896270752,0.6949517726898193,0.0,1958
1638859029.3403072.jpg,1.0153934955596924,0.258136510848999,0.6821680068969727,0.6349830627441406,0.0,1958
1638858295.4193494.jpg,1.0684349536895752,0.22736835479736328,0.780341386795044,0.733025312423706,0.0,2150
1638858295.4193494.jpg,1.0743279457092285,0.2589986324310303,0.7430181503295898,0.6848785877227783,0.0,2150
1638858295.4193494.jpg,2.4365744590759277,0.2583646774291992,0.7516534328460693,0.6773717403411865,0.0,2150
1638858295.4193494.jpg,1.024470567703247,0.26030755043029785,0.6987600326538086,0.6511743068695068,0.0,2150
1638858295.4193494.jpg,0.9929423332214355,0.2305433750152588,0.699277400970459,0.6511557102203369,0.0,2150
1638858983.730413.jpg,1.0215556621551514,0.2583456039428711,0.6939661502838135,0.6467232704162598,0.0,2376
1638858983.730413.jpg,1.0372881889343262,0.2300124168395996,0.7466249465942383,0.6994030475616455,0.0,2376
1638858983.730413.jpg,1.7831320762634277,0.2641913890838623,0.7586264610290527,0.6780450344085693,0.0,2376
1638858983.730413.jpg,1.030686616897583,0.23117542266845703,0.7387182712554932,0.6896171569824219,0.0,2376
1638858983.730413.jpg,1.0796613693237305,0.29556775093078613,0.70263671875,0.655174732208252,0.0,2376
1638858267.8130226.jpg,1.370248556137085,0.22696280479431152,0.7472515106201172,0.6770980358123779,0.0,2411
1638858267.8130226.jpg,1.0757687091827393,0.30681729316711426,0.6859259605407715,0.6385092735290527,0.0,2411
1638858267.8130226.jpg,1.2163276672363281,0.24065208435058594,0.7212164402008057,0.6738626956939697,0.0,2411
1638858267.8130226.jpg,1.118692398071289,0.306293249130249,0.739086389541626,0.6917092800140381,0.0,2411
1638858267.8130226.jpg,1.0555813312530518,0.2624826431274414,0.7292764186859131,0.6820876598358154,0.0,2411
1638859117.2782512.jpg,0.9940860271453857,0.21559691429138184,0.7073547840118408,0.6597416400909424,0.10659555,2027
1638859117.2782512.jpg,1.3181214332580566,0.24379944801330566,0.7068755626678467,0.6406404972076416,0.10659555,2027
1638859117.2782512.jpg,0.9892623424530029,0.22053790092468262,0.7080240249633789,0.6571245193481445,0.10659555,2027
1638859117.2782512.jpg,1.0867469310760498,0.24221229553222656,0.7243781089782715,0.6738498210906982,0.10659555,2027
1638859117.2782512.jpg,1.0046451091766357,0.21599578857421875,0.6899986267089844,0.6414756774902344,0.10659555,2027
1638859389.9061172.jpg,1.1996657848358154,0.24851226806640625,0.7527806758880615,0.7003934383392334,0.22991605,2079
1638859389.9061172.jpg,4.352385520935059,0.2523231506347656,0.7565152645111084,0.6837904453277588,0.22991605,2079
1638859389.9061172.jpg,1.0209221839904785,0.24950313568115234,0.6923327445983887,0.6450533866882324,0.22991605,2079
1638859389.9061172.jpg,1.0318257808685303,0.22613263130187988,0.728323221206665,0.6807096004486084,0.22991605,2079
1638859389.9061172.jpg,1.0468904972076416,0.2504582405090332,0.7151033878326416,0.6675999164581299,0.22991605,2079
1638858987.4828706.jpg,2.447237730026245,0.2870209217071533,0.7344527244567871,0.6647317409515381,0.0,2330
1638858987.4828706.jpg,4.948484182357788,0.2582221031188965,0.7628154754638672,0.6889593601226807,0.0,2330
1638858987.4828706.jpg,1.0496189594268799,0.26091694831848145,0.7248392105102539,0.6769697666168213,0.0,2330
1638858987.4828706.jpg,1.0543076992034912,0.23323965072631836,0.7286512851715088,0.6808900833129883,0.0,2330
1638858987.4828706.jpg,1.045107126235962,0.2624340057373047,0.717602014541626,0.670396089553833,0.0,2330
1638859552.600354.jpg,1.0412535667419434,0.2354297637939453,0.7287583351135254,0.6812365055084229,0.0,2141
1638859552.600354.jpg,1.2964317798614502,0.2506523132324219,0.9753849506378174,0.9279525279998779,0.0,2141
1638859552.600354.jpg,1.032193899154663,0.25188541412353516,0.7167551517486572,0.6689801216125488,0.0,2141
1638859552.600354.jpg,2.4082517623901367,0.22508716583251953,0.7647793292999268,0.6912603378295898,0.0,2141
1638859552.600354.jpg,0.9853782653808594,0.22399020195007324,0.6987276077270508,0.6506104469299316,0.0,2141
1638859453.1102674.jpg,1.4072551727294922,0.2505631446838379,0.7472760677337646,0.6994283199310303,0.25816262,2307
1638859453.1102674.jpg,1.0162544250488281,0.2272498607635498,0.7258920669555664,0.6772515773773193,0.25816262,2307
1638859453.1102674.jpg,1.0724270343780518,0.25411105155944824,0.7535715103149414,0.7053043842315674,0.25816262,2307
1638859453.1102674.jpg,0.9780623912811279,0.22727012634277344,0.6925315856933594,0.644118070602417,0.25816262,2307
1638859453.1102674.jpg,1.0575337409973145,0.2541825771331787,0.7346601486206055,0.6854684352874756,0.25816262,2307
1638859007.2327726.jpg,1.030576467514038,0.2623121738433838,0.7009625434875488,0.6523647308349609,0.0,2456
1638859007.2327726.jpg,1.022883415222168,0.23354768753051758,0.7286410331726074,0.6807126998901367,0.0,2456
1638859007.2327726.jpg,1.0416910648345947,0.2626981735229492,0.7138717174530029,0.6544020175933838,0.0,2456
1638859007.2327726.jpg,1.0148510932922363,0.2343449592590332,0.7214107513427734,0.6733596324920654,0.0,2456
1638859007.2327726.jpg,1.0807533264160156,0.2636861801147461,0.7521121501922607,0.7034962177276611,0.0,2456
1638859595.453537.jpg,1.0191009044647217,0.25965237617492676,0.6953866481781006,0.6482412815093994,0.0,2708
1638859595.453537.jpg,1.0223140716552734,0.23140788078308105,0.7227737903594971,0.6743850708007812,0.0,2708
1638859595.453537.jpg,1.0683000087738037,0.2634434700012207,0.7367048263549805,0.6787509918212891,0.0,2708
1638859595.453537.jpg,1.0015206336975098,0.2329878807067871,0.7071020603179932,0.658858060836792,0.0,2708
1638859595.453537.jpg,1.0706710815429688,0.26366448402404785,0.7408721446990967,0.6887738704681396,0.0,2708
1638858338.2746873.jpg,2.4473342895507812,0.26044750213623047,0.7472751140594482,0.6756157875061035,0.0,2453
1638858338.2746873.jpg,1.0453088283538818,0.260448694229126,0.7179920673370361,0.6702330112457275,0.0,2453
1638858338.2746873.jpg,1.024782419204712,0.23344206809997559,0.7166337966918945,0.6687626838684082,0.0,2453
1638858338.2746873.jpg,1.0222556591033936,0.2602686882019043,0.6965982913970947,0.6491131782531738,0.0,2453
1638858338.2746873.jpg,1.042008876800537,0.25918054580688477,0.7177660465240479,0.6698532104492188,0.0,2453
1638859002.9162307.jpg,1.1379246711730957,0.2731609344482422,0.6999902725219727,0.6527247428894043,0.74790394,2243
1638859002.9162307.jpg,1.1904253959655762,0.2647213935852051,0.7391386032104492,0.6905226707458496,0.74790394,2243
1638859002.9162307.jpg,1.2049171924591064,0.27229928970336914,0.716747522354126,0.6687674522399902,0.74790394,2243
1638859002.9162307.jpg,1.0884439945220947,0.2909538745880127,0.7347011566162109,0.6715354919433594,0.74790394,2243
1638859002.9162307.jpg,1.0154201984405518,0.23424339294433594,0.6908326148986816,0.6431992053985596,0.74790394,2243
1638858271.5123212.jpg,1.0582399368286133,0.2527189254760742,0.7385959625244141,0.6896238327026367,0.121808335,2385
1638858271.5123212.jpg,2.1261231899261475,0.2256326675415039,0.7624497413635254,0.6896941661834717,0.121808335,2385
1638858271.5123212.jpg,1.0268309116363525,0.240617036819458,0.7124474048614502,0.6638565063476562,0.121808335,2385
1638858271.5123212.jpg,1.1132099628448486,0.24931001663208008,0.7286794185638428,0.680842399597168,0.121808335,2385
1638858271.5123212.jpg,1.1546900272369385,0.2582669258117676,0.7074298858642578,0.6590864658355713,0.121808335,2385
1638859413.3039086.jpg,1.191215991973877,0.22980642318725586,0.7598755359649658,0.7110650539398193,0.15286618,2204
1638859413.3039086.jpg,1.0902435779571533,0.2595188617706299,0.7431643009185791,0.6948089599609375,0.15286618,2204
1638859413.3039086.jpg,2.0928115844726562,0.23398041725158691,0.7410407066345215,0.6596007347106934,0.15286618,2204
1638859413.3039086.jpg,0.9869801998138428,0.23665308952331543,0.6889662742614746,0.6405997276306152,0.15286618,2204
1638859413.3039086.jpg,1.0818123817443848,0.25537705421447754,0.7389683723449707,0.691215991973877,0.15286618,2204
1638859086.5885167.jpg,1.0105526447296143,0.25917983055114746,0.6867434978485107,0.6388444900512695,0.0,2507
1638859086.5885167.jpg,1.4152603149414062,0.30007290840148926,0.7510924339294434,0.6781110763549805,0.0,2507
1638859086.5885167.jpg,1.0481081008911133,0.26111578941345215,0.7066049575805664,0.6585307121276855,0.0,2507
1638859086.5885167.jpg,1.0281987190246582,0.23258757591247559,0.735389232635498,0.686957597732544,0.0,2507
1638859086.5885167.jpg,1.0208156108856201,0.2624349594116211,0.693850040435791,0.6458055973052979,0.0,2507
1638859101.4540179.jpg,1.0445332527160645,0.23383522033691406,0.7434267997741699,0.6964540481567383,0.0,2328
1638859101.4540179.jpg,1.4077696800231934,0.2593958377838135,0.7793052196502686,0.6974985599517822,0.0,2328
1638859101.4540179.jpg,1.0469930171966553,0.24632000923156738,0.7426862716674805,0.6943666934967041,0.0,2328
1638859101.4540179.jpg,1.3822154998779297,0.25188422203063965,0.7461822032928467,0.6697227954864502,0.0,2328
1638859101.4540179.jpg,1.0587961673736572,0.2568087577819824,0.7400116920471191,0.6908495426177979,0.0,2328
1638859036.5698588.jpg,1.4285194873809814,0.2458021640777588,0.7790379524230957,0.7042479515075684,0.18006511,2560
1638859036.5698588.jpg,1.0822858810424805,0.26320481300354004,0.7490513324737549,0.7010552883148193,0.18006511,2560
1638859036.5698588.jpg,1.0483245849609375,0.23392081260681152,0.7444734573364258,0.6956806182861328,0.18006511,2560
1638859036.5698588.jpg,1.0217959880828857,0.26456665992736816,0.6869874000549316,0.638988733291626,0.18006511,2560
1638859036.5698588.jpg,1.0452487468719482,0.23210358619689941,0.7506909370422363,0.7020092010498047,0.18006511,2560
1638859483.8107712.jpg,1.1043384075164795,0.26214599609375,0.7370226383209229,0.6788313388824463,0.0,2350
1638859483.8107712.jpg,1.008812665939331,0.23986363410949707,0.7087655067443848,0.6604928970336914,0.0,2350
1638859483.8107712.jpg,1.0540685653686523,0.25746583938598633,0.7314698696136475,0.6841998100280762,0.0,2350
1638859483.8107712.jpg,1.0391223430633545,0.26034116744995117,0.7139415740966797,0.6656503677368164,0.0,2350
1638859483.8107712.jpg,1.039668321609497,0.23418164253234863,0.7417643070220947,0.6943213939666748,0.0,2350
