1638858998.8664625.jpg,1.342578411102295,0.49499058723449707,0.7223455905914307,0.6823782920837402,0.45775837,10080
1638858998.8664625.jpg,2.616807222366333,0.4403660297393799,0.7700717449188232,0.7008388042449951,0.45775837,10080
1638858998.8664625.jpg,1.2797884941101074,0.439739465713501,0.7478642463684082,0.7072181701660156,0.45775837,10080
1638858998.8664625.jpg,1.3229243755340576,0.49884843826293945,0.7507932186126709,0.6818547248840332,0.45775837,10080
1638858998.8664625.jpg,1.2913222312927246,0.4399745464324951,0.7547879219055176,0.7161526679992676,0.45775837,10080
1638859386.3183892.jpg,1.3489181995391846,0.49895143508911133,0.7817857265472412,0.7184085845947266,0.66685265,10265
1638859386.3183892.jpg,1.2601056098937988,0.4542980194091797,0.7453093528747559,0.7037818431854248,0.66685265,10265
1638859386.3183892.jpg,1.2659766674041748,0.49939441680908203,0.7021174430847168,0.6515870094299316,0.66685265,10265
1638859386.3183892.jpg,1.2757205963134766,0.44655680656433105,0.7656588554382324,0.701181173324585,0.66685265,10265
1638859386.3183892.jpg,1.3409638404846191,0.4997432231903076,0.7758071422576904,0.7235438823699951,0.66685265,10265
1638858284.6405256.jpg,1.2199876308441162,0.44559192657470703,0.7099215984344482,0.6687259674072266,0.27348718,10521
1638858284.6405256.jpg,1.3376128673553467,0.513495922088623,0.7569863796234131,0.692507266998291,0.27348718,10521
1638858284.6405256.jpg,1.2707600593566895,0.44928455352783203,0.7608778476715088,0.7167019844055176,0.27348718,10521
1638858284.6405256.jpg,1.3595213890075684,0.5058221817016602,0.7596275806427002,0.6961023807525635,0.27348718,10521
1638858284.6405256.jpg,1.3270246982574463,0.4471855163574219,0.729285717010498,0.6908600330352783,0.27348718,10521
1638859466.8908947.jpg,1.3946173191070557,0.5026552677154541,0.7664203643798828,0.7035636901855469,0.37291086,11475
1638859466.8908947.jpg,1.2379631996154785,0.448772668838501,0.7192037105560303,0.6833879947662354,0.37291086,11475
1638859466.8908947.jpg,1.447049856185913,0.5090363025665283,0.7643918991088867,0.6995482444763184,0.37291086,11475
1638859466.8908947.jpg,1.5651769638061523,0.5265278816223145,0.7484109401702881,0.6852574348449707,0.37291086,11475
1638859466.8908947.jpg,1.3521802425384521,0.5251848697662354,0.7614061832427979,0.7077927589416504,0.37291086,11475
1638859448.1750998.jpg,1.4503443241119385,0.5734195709228516,0.7408628463745117,0.6991758346557617,0.22751069,10963
1638859448.1750998.jpg,1.2037639617919922,0.44573545455932617,0.6943466663360596,0.6434521675109863,0.22751069,10963
1638859448.1750998.jpg,1.3416650295257568,0.5014772415161133,0.7495386600494385,0.6829063892364502,0.22751069,10963
1638859448.1750998.jpg,1.285278081893921,0.4464542865753174,0.7664132118225098,0.7187182903289795,0.22751069,10963
1638859448.1750998.jpg,1.3182203769683838,0.5007143020629883,0.7436349391937256,0.6799571514129639,0.22751069,10963
1638859067.8408415.jpg,2.6237499713897705,0.44637012481689453,0.7729532718658447,0.7106270790100098,0.2939817,11776
1638859067.8408415.jpg,1.2803750038146973,0.450916051864624,0.7588486671447754,0.7038111686706543,0.2939817,11776
1638859067.8408415.jpg,1.6534936428070068,0.5078139305114746,0.7577617168426514,0.6930551528930664,0.2939817,11776
1638859067.8408415.jpg,1.2478423118591309,0.4488101005554199,0.7365086078643799,0.6949558258056641,0.2939817,11776
1638859067.8408415.jpg,2.658566474914551,0.5073161125183105,0.7454204559326172,0.6755013465881348,0.2939817,11776
1638859456.9389522.jpg,1.3253448009490967,0.500396728515625,0.7597932815551758,0.7173728942871094,0.0,10461
1638859456.9389522.jpg,1.3009796142578125,0.4657750129699707,0.7586781978607178,0.710360050201416,0.0,10461
1638859456.9389522.jpg,1.4231040477752686,0.5138199329376221,0.7537331581115723,0.700223445892334,0.0,10461
1638859456.9389522.jpg,1.3253686428070068,0.4903597831726074,0.7688958644866943,0.7188169956207275,0.0,10461
1638859456.9389522.jpg,2.6299307346343994,0.48756957054138184,0.7579681873321533,0.7002143859863281,0.0,10461
1638859573.0005805.jpg,1.2830846309661865,0.46843671798706055,0.7525529861450195,0.7014696598052979,0.0,6774
1638859573.0005805.jpg,1.2747094631195068,0.49990057945251465,0.7106318473815918,0.6709315776824951,0.0,6774
1638859573.0005805.jpg,1.2981173992156982,0.4698448181152344,0.7596385478973389,0.6915302276611328,0.0,6774
1638859573.0005805.jpg,1.3276960849761963,0.4952976703643799,0.7594156265258789,0.7220010757446289,0.0,6774
1638859573.0005805.jpg,1.2213788032531738,0.45910096168518066,0.6993052959442139,0.6548604965209961,0.0,6774
1638859599.5550244.jpg,1.3236188888549805,0.5032634735107422,0.7443521022796631,0.6863009929656982,0.0,12326
1638859599.5550244.jpg,1.2898762226104736,0.4707009792327881,0.7549974918365479,0.707789421081543,0.0,12326
1638859599.5550244.jpg,1.3439736366271973,0.5067646503448486,0.7654848098754883,0.7018983364105225,0.0,12326
1638859599.5550244.jpg,1.2795929908752441,0.4568936824798584,0.760622501373291,0.7128157615661621,0.0,12326
1638859599.5550244.jpg,1.6246917247772217,0.5056874752044678,1.0379939079284668,0.6988430023193359,0.0,12326
1638859121.0304701.jpg,1.2780580520629883,0.4469456672668457,0.7480149269104004,0.7034296989440918,0.0,11630
1638859121.0304701.jpg,1.3438153266906738,0.5074894428253174,0.735037088394165,0.6718273162841797,0.0,11630
1638859121.0304701.jpg,1.2459731101989746,0.4485745429992676,0.7364709377288818,0.6878981590270996,0.0,11630
1638859121.0304701.jpg,1.3099887371063232,0.515831470489502,0.7287111282348633,0.6753957271575928,0.0,11630
1638859121.0304701.jpg,1.2647590637207031,0.44957780838012695,0.7541043758392334,0.7072172164916992,0.0,11630
1638859565.7265472.jpg,1.3099076747894287,0.5035943984985352,0.7138271331787109,0.6540286540985107,0.13610418,9956
1638859565.7265472.jpg,1.2693629264831543,0.44631481170654297,0.753026008605957,0.7091169357299805,0.13610418,9956
1638859565.7265472.jpg,1.3281183242797852,0.5024271011352539,0.7587003707885742,0.7031645774841309,0.13610418,9956
1638859565.7265472.jpg,1.2503750324249268,0.4476587772369385,0.7425620555877686,0.6955230236053467,0.13610418,9956
1638859565.7265472.jpg,1.331092357635498,0.5046837329864502,0.7564105987548828,0.6982555389404297,0.13610418,9956
1638859421.1459873.jpg,1.2621686458587646,0.44022464752197266,0.7600460052490234,0.7125222682952881,0.28671592,9099
1638859421.1459873.jpg,1.3333101272583008,0.4993903636932373,0.7402138710021973,0.680476188659668,0.28671592,9099
1638859421.1459873.jpg,1.4200084209442139,0.45079469680786133,0.7328288555145264,0.6844520568847656,0.28671592,9099
1638859421.1459873.jpg,1.5419414043426514,0.4948601722717285,0.7543742656707764,0.6861515045166016,0.28671592,9099
1638859421.1459873.jpg,1.5796198844909668,0.5523827075958252,0.7391057014465332,0.6697838306427002,0.28671592,9099
1638859528.9833424.jpg,1.2992329597473145,0.48938632011413574,0.7463524341583252,0.7006936073303223,0.20377833,9310
1638859528.9833424.jpg,1.5010054111480713,0.5678083896636963,0.7428884506225586,0.6918854713439941,0.20377833,9310
1638859528.9833424.jpg,1.302556037902832,0.48604726791381836,0.7522802352905273,0.6847546100616455,0.20377833,9310
1638859528.9833424.jpg,1.325547695159912,0.504479169845581,0.7557168006896973,0.7091546058654785,0.20377833,9310
1638859528.9833424.jpg,1.2367093563079834,0.441941499710083,0.7319018840789795,0.6873798370361328,0.20377833,9310
1638859502.4543705.jpg,1.324204444885254,0.49314022064208984,0.7638795375823975,0.6958599090576172,0.0,6799
1638859502.4543705.jpg,1.2584481239318848,0.44517040252685547,0.7516663074493408,0.7122280597686768,0.0,6799
1638859502.4543705.jpg,1.3098926544189453,0.4991757869720459,0.7418265342712402,0.6792259216308594,0.0,6799
1638859502.4543705.jpg,1.2395081520080566,0.4425075054168701,0.7351021766662598,0.6962299346923828,0.0,6799
1638859502.4543705.jpg,1.3275213241577148,0.5012450218200684,0.7550556659698486,0.6920721530914307,0.0,6799
1638858280.0541258.jpg,1.2487809658050537,0.44709157943725586,0.7403090000152588,0.7001810073852539,0.0,10052
1638858280.0541258.jpg,1.3463661670684814,0.5060160160064697,0.7675776481628418,0.7001676559448242,0.0,10052
1638858280.0541258.jpg,1.2836534976959229,0.45691823959350586,0.7604396343231201,0.71085524559021,0.0,10052
1638858280.0541258.jpg,1.3657031059265137,0.5200700759887695,0.7703523635864258,0.707282304763794,0.0,10052
1638858280.0541258.jpg,1.288454532623291,0.47568702697753906,0.7438733577728271,0.7035009860992432,0.0,10052
1638858976.5000446.jpg,1.3348331451416016,0.5006158351898193,0.7657017707824707,0.7027437686920166,0.28755185,10633
1638858976.5000446.jpg,2.831343650817871,0.4758641719818115,1.044001817703247,0.9755542278289795,0.28755185,10633
1638858976.5000446.jpg,1.3718366622924805,0.5093057155609131,0.7431197166442871,0.6778450012207031,0.28755185,10633
1638858976.5000446.jpg,1.278548240661621,0.4680929183959961,0.7484316825866699,0.7012825012207031,0.28755185,10633
1638858976.5000446.jpg,1.3322429656982422,0.49623703956604004,0.7641267776489258,0.6943955421447754,0.28755185,10633
1638859432.9290097.jpg,1.328662633895874,0.45418524742126465,0.7571775913238525,0.7100710868835449,0.12787828,11412
1638859432.9290097.jpg,1.3441798686981201,0.5032050609588623,0.7688353061676025,0.7204251289367676,0.12787828,11412
1638859432.9290097.jpg,1.2618615627288818,0.44917821884155273,0.7455999851226807,0.6808567047119141,0.12787828,11412
1638859432.9290097.jpg,1.3822011947631836,0.5076055526733398,0.7637736797332764,0.717160701751709,0.12787828,11412
1638859432.9290097.jpg,1.2871289253234863,0.4484992027282715,0.7732763290405273,0.7099506855010986,0.12787828,11412
1638858980.1257513.jpg,1.3162147998809814,0.4970266819000244,0.7537648677825928,0.7086653709411621,0.0,8371
1638858980.1257513.jpg,1.2528092861175537,0.44774603843688965,0.736985445022583,0.692157506942749,0.0,8371
1638858980.1257513.jpg,1.320152759552002,0.5088756084442139,0.742781400680542,0.6817660331726074,0.0,8371
1638858980.1257513.jpg,1.2572753429412842,0.442338228225708,0.7516942024230957,0.7026288509368896,0.0,8371
1638858980.1257513.jpg,1.6447064876556396,0.5008523464202881,0.7703280448913574,0.701890230178833,0.0,8371
1638859154.4812253.jpg,1.272657871246338,0.44611024856567383,0.7612919807434082,0.7154693603515625,0.0,9741
1638859154.4812253.jpg,1.3038725852966309,0.4969186782836914,0.7437565326690674,0.6955780982971191,0.0,9741
1638859154.4812253.jpg,1.2911343574523926,0.46108579635620117,0.7618515491485596,0.7058491706848145,0.0,9741
1638859154.4812253.jpg,1.322939157485962,0.4940357208251953,0.7641665935516357,0.7190113067626953,0.0,9741
1638859154.4812253.jpg,1.2465815544128418,0.4658217430114746,0.7138662338256836,0.6672580242156982,0.0,9741
1638859532.568404.jpg,1.3474879264831543,0.502657413482666,0.7745926380157471,0.7096333503723145,0.26751778,9462
1638859532.568404.jpg,1.3250439167022705,0.4805936813354492,0.7782158851623535,0.733414888381958,0.26751778,9462
1638859532.568404.jpg,1.3213179111480713,0.4935576915740967,0.7645769119262695,0.6942195892333984,0.26751778,9462
1638859532.568404.jpg,1.3228809833526611,0.49559450149536133,0.7631697654724121,0.7227330207824707,0.26751778,9462
1638859532.568404.jpg,1.2656276226043701,0.48340749740600586,0.7216331958770752,0.6764590740203857,0.26751778,9462
1638859047.6844864.jpg,1.9988386631011963,0.5042102336883545,0.7430529594421387,0.6841459274291992,0.28848574,12246
1638859047.6844864.jpg,1.3704373836517334,0.450131893157959,0.7411084175109863,0.6930885314941406,0.28848574,12246
1638859047.6844864.jpg,1.5734176635742188,0.5391449928283691,0.7832350730895996,0.738023042678833,0.28848574,12246
1638859047.6844864.jpg,1.5537335872650146,0.5269041061401367,0.7683742046356201,0.7011377811431885,0.28848574,12246
1638859047.6844864.jpg,1.3447093963623047,0.513848066329956,0.7684922218322754,0.7194244861602783,0.28848574,12246
1638859125.0065742.jpg,1.4506635665893555,0.6348989009857178,0.7473037242889404,0.7018435001373291,0.10836424,11468
1638859125.0065742.jpg,1.2113416194915771,0.45441174507141113,0.6923573017120361,0.6475391387939453,0.10836424,11468
1638859125.0065742.jpg,1.3166556358337402,0.5055594444274902,0.7375583648681641,0.6687154769897461,0.10836424,11468
1638859125.0065742.jpg,1.2580451965332031,0.44827890396118164,0.7452816963195801,0.700596809387207,0.10836424,11468
1638859125.0065742.jpg,2.7113912105560303,0.5103394985198975,0.7574949264526367,0.6877119541168213,0.10836424,11468
1638859518.1402035.jpg,1.316610336303711,0.5001223087310791,0.7478945255279541,0.7011611461639404,0.16401142,10251
1638859518.1402035.jpg,2.6864311695098877,0.45157861709594727,0.7760770320892334,0.707261323928833,0.16401142,10251
1638859518.1402035.jpg,1.2526967525482178,0.4508857727050781,0.7369277477264404,0.6945333480834961,0.16401142,10251
1638859518.1402035.jpg,1.3371942043304443,0.5145730972290039,0.7521603107452393,0.6831519603729248,0.16401142,10251
1638859518.1402035.jpg,1.2525978088378906,0.4526348114013672,0.7384836673736572,0.6909501552581787,0.16401142,10251
1638858319.4553835.jpg,1.2779505252838135,0.49930834770202637,0.702293872833252,0.6558940410614014,0.1126547,8872
1638858319.4553835.jpg,1.8538026809692383,0.44475865364074707,0.7472443580627441,0.6796684265136719,0.1126547,8872
1638858319.4553835.jpg,1.2873432636260986,0.48155927658081055,0.7390429973602295,0.6933145523071289,0.1126547,8872
1638858319.4553835.jpg,1.2929973602294922,0.4950439929962158,0.7310953140258789,0.685476541519165,0.1126547,8872
1638858319.4553835.jpg,1.261899471282959,0.473438024520874,0.7258644104003906,0.6676294803619385,0.1126547,8872
1638859051.5901349.jpg,1.320610761642456,0.50211501121521,0.7507073879241943,0.7061855792999268,0.2874915,11501
1638859051.5901349.jpg,1.2813811302185059,0.4659583568572998,0.7344179153442383,0.6901869773864746,0.2874915,11501
1638859051.5901349.jpg,2.6664953231811523,0.5068919658660889,0.7537181377410889,0.6850602626800537,0.2874915,11501
1638859051.5901349.jpg,1.3106677532196045,0.5001978874206543,0.7445385456085205,0.6988515853881836,0.2874915,11501
1638859051.5901349.jpg,1.230468511581421,0.45018839836120605,0.7181906700134277,0.6742916107177734,0.2874915,11501
1638859576.6995776.jpg,1.298858880996704,0.4941248893737793,0.7356879711151123,0.6739180088043213,0.0,9744
1638859576.6995776.jpg,1.2393572330474854,0.44237422943115234,0.7352614402770996,0.6905543804168701,0.0,9744
1638859576.6995776.jpg,1.320697546005249,0.5002648830413818,0.748053789138794,0.6856024265289307,0.0,9744
1638859576.6995776.jpg,1.2540431022644043,0.44341039657592773,0.7467496395111084,0.7036161422729492,0.0,9744
1638859576.6995776.jpg,1.3162965774536133,0.49528002738952637,0.7529761791229248,0.6868925094604492,0.0,9744
1638859409.709503.jpg,4.842504024505615,0.4462854862213135,0.7518265247344971,0.6813080310821533,0.3821206,9435
1638859409.709503.jpg,1.281496524810791,0.46823716163635254,0.751884937286377,0.7064986228942871,0.3821206,9435
1638859409.709503.jpg,1.319514274597168,0.49891090393066406,0.750342845916748,0.6870572566986084,0.3821206,9435
1638859409.709503.jpg,1.2995283603668213,0.4619321823120117,0.7767558097839355,0.7303264141082764,0.3821206,9435
1638859409.709503.jpg,1.3246910572052002,0.5039358139038086,0.7555336952209473,0.7083914279937744,0.3821206,9435
1638859090.291929.jpg,1.2845916748046875,0.4537355899810791,0.7681896686553955,0.7065191268920898,0.0,11706
1638859090.291929.jpg,1.3354167938232422,0.5023186206817627,0.7640533447265625,0.7178695201873779,0.0,11706
1638859090.291929.jpg,1.2491018772125244,0.4487442970275879,0.7388803958892822,0.6861612796783447,0.0,11706
1638859090.291929.jpg,2.8008532524108887,0.5056877136230469,0.7601437568664551,0.6967692375183105,0.0,11706
1638859090.291929.jpg,1.5411033630371094,0.5038046836853027,0.761620283126831,0.694727897644043,0.0,11706
1638859498.846176.jpg,1.366579532623291,0.5227406024932861,0.7503881454467773,0.7086086273193359,0.34525362,11105
1638859498.846176.jpg,1.5828590393066406,0.5472080707550049,0.7773067951202393,0.7304947376251221,0.34525362,11105
1638859498.846176.jpg,1.6146636009216309,0.5480620861053467,0.7222402095794678,0.657254695892334,0.34525362,11105
1638859498.846176.jpg,1.3585102558135986,0.5156304836273193,0.7806878089904785,0.7332377433776855,0.34525362,11105
1638859498.846176.jpg,1.3272583484649658,0.5071184635162354,0.7562272548675537,0.7157976627349854,0.34525362,11105
1638859094.2179437.jpg,1.2677152156829834,0.454312801361084,0.7403194904327393,0.6707866191864014,0.24462661,11419
1638859094.2179437.jpg,1.3218753337860107,0.5051493644714355,0.7507803440093994,0.7051453590393066,0.24462661,11419
1638859094.2179437.jpg,2.636817216873169,0.4534261226654053,0.76395583152771,0.6948750019073486,0.24462661,11419
1638859094.2179437.jpg,1.2795639038085938,0.44910621643066406,0.7677059173583984,0.7275309562683105,0.24462661,11419
1638859094.2179437.jpg,1.3259944915771484,0.5090281963348389,0.7499165534973145,0.7029132843017578,0.24462661,11419
1638859424.9991379.jpg,1.2707078456878662,0.4363362789154053,0.7687180042266846,0.7088251113891602,0.41658112,8922
1638859424.9991379.jpg,1.3268451690673828,0.4912283420562744,0.7669839859008789,0.7192492485046387,0.41658112,8922
1638859424.9991379.jpg,1.2017204761505127,0.4428238868713379,0.6961743831634521,0.6464190483093262,0.41658112,8922
1638859424.9991379.jpg,1.3150084018707275,0.49621152877807617,0.7487597465515137,0.6796162128448486,0.41658112,8922
1638859424.9991379.jpg,1.2546730041503906,0.4436321258544922,0.7500951290130615,0.7090725898742676,0.41658112,8922
1638859075.3498244.jpg,1.34617280960083,0.5057873725891113,0.7734792232513428,0.7090616226196289,0.37306544,11218
1638859075.3498244.jpg,1.2940196990966797,0.4454021453857422,0.7848515510559082,0.7388472557067871,0.37306544,11218
1638859075.3498244.jpg,1.3412048816680908,0.49949121475219727,0.7721936702728271,0.709057092666626,0.37306544,11218
1638859075.3498244.jpg,1.2585866451263428,0.4500408172607422,0.7389912605285645,0.6959207057952881,0.37306544,11218
1638859075.3498244.jpg,1.327497959136963,0.5009663105010986,0.7560591697692871,0.688251256942749,0.37306544,11218
1638859444.2156723.jpg,2.6921794414520264,0.4523777961730957,0.7888762950897217,0.7247133255004883,0.68191713,10429
1638859444.2156723.jpg,1.3215439319610596,0.4755246639251709,0.7534627914428711,0.7093510627746582,0.68191713,10429
1638859444.2156723.jpg,1.2891592979431152,0.49782729148864746,0.7312893867492676,0.6857693195343018,0.68191713,10429
1638859444.2156723.jpg,1.314133882522583,0.488971471786499,0.7558536529541016,0.6862070560455322,0.68191713,10429
1638859444.2156723.jpg,1.3165898323059082,0.49289941787719727,0.7617249488830566,0.7166330814361572,0.68191713,10429
1638859549.0304558.jpg,1.3053488731384277,0.49094128608703613,0.7492251396179199,0.7021584510803223,0.0,9155
1638859549.0304558.jpg,1.3011329174041748,0.4871103763580322,0.7359490394592285,0.6699850559234619,0.0,9155
1638859549.0304558.jpg,1.3343696594238281,0.5027103424072266,0.7589471340179443,0.715883731842041,0.0,9155
1638859549.0304558.jpg,1.2854430675506592,0.47052955627441406,0.7384402751922607,0.6985487937927246,0.0,9155
1638859549.0304558.jpg,1.3626890182495117,0.4994661808013916,0.7553331851959229,0.6895854473114014,0.0,9155
1638859040.2008502.jpg,1.2778561115264893,0.4634726047515869,0.753662109375,0.7103652954101562,0.49357352,12216
1638859040.2008502.jpg,1.4074633121490479,0.5076138973236084,0.7759201526641846,0.705801248550415,0.49357352,12216
1638859040.2008502.jpg,1.2514865398406982,0.45455193519592285,0.7351663112640381,0.6902492046356201,0.49357352,12216
1638859040.2008502.jpg,1.6480448246002197,0.507066011428833,0.766237735748291,0.7219142913818359,0.49357352,12216
1638859040.2008502.jpg,1.2478053569793701,0.4473106861114502,0.7383677959442139,0.6961517333984375,0.49357352,12216
1638859495.293246.jpg,1.3585288524627686,0.5008342266082764,0.7877705097198486,0.7153308391571045,0.32586858,11082
1638859495.293246.jpg,1.26416015625,0.44994258880615234,0.7538011074066162,0.7100582122802734,0.32586858,11082
1638859495.293246.jpg,1.595992088317871,0.5001342296600342,1.0258288383483887,0.9562525749206543,0.32586858,11082
1638859495.293246.jpg,1.3149425983428955,0.477494478225708,0.7671065330505371,0.7010371685028076,0.32586858,11082
1638859495.293246.jpg,1.4115781784057617,0.49925708770751953,0.7612144947052002,0.7125937938690186,0.32586858,11082
1638859373.9926748.jpg,1.5231859683990479,0.4988269805908203,0.7600319385528564,0.717573881149292,0.21142085,11107
1638859373.9926748.jpg,1.3618278503417969,0.45699071884155273,0.7684602737426758,0.698784589767456,0.21142085,11107
1638859373.9926748.jpg,2.904407024383545,0.5416562557220459,0.762338399887085,0.6985180377960205,0.21142085,11107
1638859373.9926748.jpg,1.5826878547668457,0.5546832084655762,0.7845966815948486,0.7221169471740723,0.21142085,11107
1638859373.9926748.jpg,1.4793150424957275,0.6436061859130859,0.7642776966094971,0.7197306156158447,0.21142085,11107
1638858291.8955135.jpg,1.3267719745635986,0.4940211772918701,0.7698454856872559,0.721686601638794,0.20524208,9808
1638858291.8955135.jpg,1.3192689418792725,0.5001568794250488,0.7532258033752441,0.7117865085601807,0.20524208,9808
1638858291.8955135.jpg,2.6866343021392822,0.47681140899658203,0.7619712352752686,0.6929454803466797,0.20524208,9808
1638858291.8955135.jpg,1.2987778186798096,0.4629364013671875,0.7726607322692871,0.7264859676361084,0.20524208,9808
1638858291.8955135.jpg,1.3090660572052002,0.5027186870574951,0.7414343357086182,0.6886427402496338,0.20524208,9808
1638859393.5280793.jpg,1.2863969802856445,0.44722437858581543,0.7764074802398682,0.7131547927856445,0.3477578,9220
1638859393.5280793.jpg,1.3307745456695557,0.49601006507873535,0.7660765647888184,0.7121920585632324,0.3477578,9220
1638859393.5280793.jpg,1.2225611209869385,0.43886470794677734,0.7239408493041992,0.6828064918518066,0.3477578,9220
1638859393.5280793.jpg,4.830897092819214,0.4934830665588379,0.7867703437805176,0.7107162475585938,0.3477578,9220
1638859393.5280793.jpg,1.3181262016296387,0.4953124523162842,0.7457916736602783,0.7005298137664795,0.3477578,9220
1638858341.872268.jpg,1.2804288864135742,0.47890400886535645,0.7357258796691895,0.687842607498169,0.54244334,11284
1638858341.872268.jpg,1.3230984210968018,0.5051026344299316,0.7322568893432617,0.6688683032989502,0.54244334,11284
1638858341.872268.jpg,1.3042359352111816,0.46857118606567383,0.7708127498626709,0.7224409580230713,0.54244334,11284
1638858341.872268.jpg,1.2964427471160889,0.5076746940612793,0.7197754383087158,0.6712520122528076,0.54244334,11284
1638858341.872268.jpg,1.2950496673583984,0.46468400955200195,0.7651762962341309,0.6977884769439697,0.54244334,11284
1638859506.0456975.jpg,1.3124125003814697,0.5027177333831787,0.7439684867858887,0.6977615356445312,0.0,10765
1638859506.0456975.jpg,1.2461202144622803,0.45926952362060547,0.723921537399292,0.6774609088897705,0.0,10765
1638859506.0456975.jpg,1.3074285984039307,0.5054266452789307,0.7329578399658203,0.670269250869751,0.0,10765
1638859506.0456975.jpg,1.296295404434204,0.4552459716796875,0.7645442485809326,0.7177774906158447,0.0,10765
1638859506.0456975.jpg,1.3219211101531982,0.5071694850921631,0.7495660781860352,0.7086319923400879,0.0,10765
1638859128.8039994.jpg,1.5637519359588623,0.4462151527404785,0.7463080883026123,0.6828887462615967,0.23299535,11421
1638859128.8039994.jpg,1.3250560760498047,0.5037236213684082,0.7556955814361572,0.7044937610626221,0.23299535,11421
1638859128.8039994.jpg,1.2541170120239258,0.4479691982269287,0.7399353981018066,0.6705062389373779,0.23299535,11421
1638859128.8039994.jpg,5.132400989532471,0.5027406215667725,0.7487313747406006,0.6736478805541992,0.23299535,11421
1638859128.8039994.jpg,1.3333384990692139,0.5052804946899414,0.7662122249603271,0.7207849025726318,0.23299535,11421
1638859487.658158.jpg,1.2689557075500488,0.4422793388366699,0.7620453834533691,0.7184233665466309,0.0,10597
1638859487.658158.jpg,1.398737907409668,0.5024287700653076,0.7566707134246826,0.6942672729492188,0.0,10597
1638859487.658158.jpg,1.2618374824523926,0.44855403900146484,0.7469172477722168,0.6991009712219238,0.0,10597
1638859487.658158.jpg,1.3419594764709473,0.5103662014007568,0.7566099166870117,0.709742546081543,0.0,10597
1638859487.658158.jpg,1.314274787902832,0.459151029586792,0.7858452796936035,0.7180478572845459,0.0,10597
1638859525.3785744.jpg,1.3314998149871826,0.4982895851135254,0.7632231712341309,0.7167351245880127,0.0,9449
1638859525.3785744.jpg,1.3066377639770508,0.47818875312805176,0.733900785446167,0.6957283020019531,0.0,9449
1638859525.3785744.jpg,1.3697998523712158,0.5098690986633301,0.7660715579986572,0.7042679786682129,0.0,9449
1638859525.3785744.jpg,1.5104608535766602,0.49366235733032227,0.7438538074493408,0.7006754875183105,0.0,9449
1638859525.3785744.jpg,1.4599876403808594,0.494997501373291,0.9029414653778076,0.7172183990478516,0.0,9449
1638859377.6730952.jpg,1.4565975666046143,0.576885461807251,0.7813503742218018,0.7348811626434326,0.7622734,11000
1638859377.6730952.jpg,1.5654313564300537,0.4967992305755615,0.7491295337677002,0.6989872455596924,0.7622734,11000
1638859377.6730952.jpg,1.5478003025054932,0.6816737651824951,0.7991189956665039,0.7425787448883057,0.7622734,11000
1638859377.6730952.jpg,1.3037426471710205,0.4894425868988037,0.7482969760894775,0.696526050567627,0.7622734,11000
1638859377.6730952.jpg,1.3318052291870117,0.49733948707580566,0.7712960243225098,0.7143633365631104,0.7622734,11000
1638859561.8096292.jpg,1.3053956031799316,0.49250030517578125,0.7449800968170166,0.6760215759277344,0.39338475,10075
1638859561.8096292.jpg,1.3173604011535645,0.486966609954834,0.7663753032684326,0.7284467220306396,0.39338475,10075
1638859561.8096292.jpg,1.30580472946167,0.5035734176635742,0.733302116394043,0.6886541843414307,0.39338475,10075
1638859561.8096292.jpg,1.2855637073516846,0.47444963455200195,0.7417309284210205,0.6784563064575195,0.39338475,10075
1638859561.8096292.jpg,1.6257281303405762,0.503150224685669,0.7571666240692139,0.6878712177276611,0.39338475,10075
1638859078.9341002.jpg,1.5753638744354248,0.4415709972381592,0.75962233543396,0.6967599391937256,0.67751884,11044
1638859078.9341002.jpg,1.3657524585723877,0.501197338104248,0.7850437164306641,0.7301204204559326,0.67751884,11044
1638859078.9341002.jpg,1.554192066192627,0.44545483589172363,0.7449808120727539,0.6972150802612305,0.67751884,11044
1638859078.9341002.jpg,1.3282811641693115,0.4973411560058594,0.7252011299133301,0.6764280796051025,0.67751884,11044
1638859078.9341002.jpg,1.3393027782440186,0.4817924499511719,0.7836589813232422,0.725804328918457,0.67751884,11044
1638858304.9529831.jpg,1.3023662567138672,0.4796276092529297,0.7647764682769775,0.717670202255249,0.37819996,9605
1638858304.9529831.jpg,1.315406084060669,0.49820613861083984,0.7465388774871826,0.7020525932312012,0.37819996,9605
1638858304.9529831.jpg,1.323469877243042,0.47277140617370605,0.785973072052002,0.7198002338409424,0.37819996,9605
1638858304.9529831.jpg,1.3228161334991455,0.49906229972839355,0.7560319900512695,0.7155580520629883,0.37819996,9605
1638858304.9529831.jpg,1.241109848022461,0.46099257469177246,0.7148370742797852,0.6684548854827881,0.37819996,9605
1638858288.3138113.jpg,1.3183999061584473,0.5010831356048584,0.746924638748169,0.6903290748596191,0.0,10520
1638858288.3138113.jpg,1.2682578563690186,0.4645538330078125,0.7427802085876465,0.6966335773468018,0.0,10520
1638858288.3138113.jpg,1.3282406330108643,0.5048902034759521,0.7500343322753906,0.6871521472930908,0.0,10520
1638858288.3138113.jpg,1.2702465057373047,0.4585394859313965,0.7512698173522949,0.7053067684173584,0.0,10520
1638858288.3138113.jpg,1.3500983715057373,0.5001609325408936,0.760643720626831,0.6977481842041016,0.0,10520
1638859059.827174.jpg,1.2726683616638184,0.44376468658447266,0.74835205078125,0.7046170234680176,0.6663108,9259
1638859059.827174.jpg,1.3114609718322754,0.49994516372680664,0.7420918941497803,0.7002513408660889,0.6663108,9259
1638859059.827174.jpg,1.2680823802947998,0.4398620128631592,0.7650454044342041,0.7094769477844238,0.6663108,9259
1638859059.827174.jpg,1.311396598815918,0.494049072265625,0.745755672454834,0.7013993263244629,0.6663108,9259
1638859059.827174.jpg,1.3095555305480957,0.440807580947876,0.7522635459899902,0.6835246086120605,0.6663108,9259
1638859064.133197.jpg,1.304330825805664,0.4991292953491211,0.7423830032348633,0.6940159797668457,0.23443294,11314
1638859064.133197.jpg,1.2350988388061523,0.4484527111053467,0.7245864868164062,0.6753506660461426,0.23443294,11314
1638859064.133197.jpg,1.383908748626709,0.5041348934173584,0.7432007789611816,0.6790797710418701,0.23443294,11314
1638859064.133197.jpg,1.2733638286590576,0.4584922790527344,0.7529067993164062,0.6974256038665771,0.23443294,11314
1638859064.133197.jpg,1.3240952491760254,0.5050048828125,0.7498753070831299,0.7111687660217285,0.23443294,11314
1638859540.9344175.jpg,1.2457983493804932,0.45103955268859863,0.7301616668701172,0.6609055995941162,0.11344191,9296
1638859540.9344175.jpg,1.3096108436584473,0.5029609203338623,0.7423295974731445,0.7016181945800781,0.11344191,9296
1638859540.9344175.jpg,1.2481133937835693,0.4445638656616211,0.7424912452697754,0.696038007736206,0.11344191,9296
1638859540.9344175.jpg,1.3246612548828125,0.4992482662200928,0.7591080665588379,0.6962964534759521,0.11344191,9296
1638859540.9344175.jpg,1.2678308486938477,0.44686174392700195,0.7601115703582764,0.7122185230255127,0.11344191,9296
1638859584.4525359.jpg,1.305358648300171,0.5040369033813477,0.7320091724395752,0.6682925224304199,0.0,12908
1638859584.4525359.jpg,1.400481939315796,0.4512937068939209,0.756514310836792,0.7100443840026855,0.0,12908
1638859584.4525359.jpg,1.5382332801818848,0.588331937789917,0.756331205368042,0.6862924098968506,0.0,12908
1638859584.4525359.jpg,1.4840037822723389,0.4832122325897217,0.8956186771392822,0.6958620548248291,0.0,12908
1638859584.4525359.jpg,1.3427388668060303,0.5263495445251465,0.7512521743774414,0.7137739658355713,0.0,12908
1638859591.7705991.jpg,1.4966928958892822,0.580833911895752,0.7498791217803955,0.7018764019012451,0.0,13157
1638859591.7705991.jpg,1.2868776321411133,0.4972801208496094,0.7293281555175781,0.6864373683929443,0.0,13157
1638859591.7705991.jpg,1.3642823696136475,0.5138585567474365,0.7787482738494873,0.7153944969177246,0.0,13157
1638859591.7705991.jpg,1.2439641952514648,0.45135068893432617,0.7293186187744141,0.6859729290008545,0.0,13157
1638859591.7705991.jpg,1.4105796813964844,0.5080816745758057,0.752739429473877,0.6872198581695557,0.0,13157
1638859537.2908542.jpg,1.2432632446289062,0.440875768661499,0.7393114566802979,0.6986899375915527,0.5084243,9640
1638859537.2908542.jpg,1.3226380348205566,0.5010499954223633,0.7580687999725342,0.709679126739502,0.5084243,9640
1638859537.2908542.jpg,1.2437810897827148,0.4465975761413574,0.7354724407196045,0.6858670711517334,0.5084243,9640
1638859537.2908542.jpg,1.663125991821289,0.4977564811706543,1.0761737823486328,0.661827564239502,0.5084243,9640
1638859537.2908542.jpg,1.2927882671356201,0.4610471725463867,0.7657225131988525,0.7159280776977539,0.5084243,9640
1638859569.4529705.jpg,1.3346655368804932,0.5001966953277588,0.7671856880187988,0.7050235271453857,0.249906,9896
1638859569.4529705.jpg,1.3507633209228516,0.4710378646850586,0.772350549697876,0.7325177192687988,0.249906,9896
1638859569.4529705.jpg,1.310394048690796,0.49750304222106934,0.7544565200805664,0.6996769905090332,0.249906,9896
1638859569.4529705.jpg,2.681976795196533,0.48653674125671387,0.763930082321167,0.7093288898468018,0.249906,9896
1638859569.4529705.jpg,1.319410800933838,0.5044417381286621,0.7502431869506836,0.7039427757263184,0.249906,9896
1638859588.1014383.jpg,1.2831404209136963,0.4821319580078125,0.7371518611907959,0.6940345764160156,0.0,13201
1638859588.1014383.jpg,1.6584599018096924,0.5084147453308105,1.082179069519043,1.0121891498565674,0.0,13201
1638859588.1014383.jpg,1.2780745029449463,0.45003557205200195,0.7629563808441162,0.7055022716522217,0.0,13201
1638859588.1014383.jpg,1.3065598011016846,0.5027837753295898,0.739046573638916,0.6915850639343262,0.0,13201
1638859588.1014383.jpg,4.998930215835571,0.45339512825012207,0.7655577659606934,0.6922969818115234,0.0,13201
1638859521.7804093.jpg,1.2801761627197266,0.4454963207244873,0.7614791393280029,0.7181746959686279,0.19036771,9859
1638859521.7804093.jpg,1.341745138168335,0.5030326843261719,0.7686421871185303,0.7052748203277588,0.19036771,9859
1638859521.7804093.jpg,1.2639963626861572,0.44799232482910156,0.7549095153808594,0.709683895111084,0.19036771,9859
1638859521.7804093.jpg,1.3377442359924316,0.5048096179962158,0.7678103446960449,0.7273149490356445,0.19036771,9859
1638859521.7804093.jpg,1.2494454383850098,0.4467453956604004,0.7381689548492432,0.6830775737762451,0.19036771,9859
1638859436.993507.jpg,1.3381688594818115,0.5249941349029541,0.7464916706085205,0.7056691646575928,0.38596797,11365
1638859436.993507.jpg,1.2791588306427002,0.4489562511444092,0.762606143951416,0.6940348148345947,0.38596797,11365
1638859436.993507.jpg,1.311936616897583,0.5013954639434814,0.742377758026123,0.702688455581665,0.38596797,11365
1638859436.993507.jpg,1.2612903118133545,0.4489302635192871,0.7504854202270508,0.700817346572876,0.38596797,11365
1638859436.993507.jpg,1.34226393699646,0.5042433738708496,0.7713329792022705,0.7029118537902832,0.38596797,11365
1638859544.9347801.jpg,1.2642009258270264,0.4445302486419678,0.7565512657165527,0.7115311622619629,0.0,9415
1638859544.9347801.jpg,1.327960729598999,0.4992992877960205,0.7553701400756836,0.6980221271514893,0.0,9415
1638859544.9347801.jpg,1.2480924129486084,0.4454994201660156,0.740966796875,0.6953444480895996,0.0,9415
1638859544.9347801.jpg,1.3194670677185059,0.49898219108581543,0.7490458488464355,0.6817739009857178,0.0,9415
1638859544.9347801.jpg,1.2706477642059326,0.44544029235839844,0.7633330821990967,0.7187504768371582,0.0,9415
1638858315.7909262.jpg,1.337172031402588,0.4976027011871338,0.7570128440856934,0.6945443153381348,0.22284093,9897
1638858315.7909262.jpg,2.675184726715088,0.45285630226135254,0.7681100368499756,0.6999056339263916,0.22284093,9897
1638858315.7909262.jpg,1.3753058910369873,0.46745777130126953,0.7520334720611572,0.7062506675720215,0.22284093,9897
1638858315.7909262.jpg,1.4498977661132812,0.5273919105529785,0.7553517818450928,0.7066946029663086,0.22284093,9897
1638858315.7909262.jpg,1.4617669582366943,0.5757322311401367,0.7413434982299805,0.6957180500030518,0.22284093,9897
1638858333.7707064.jpg,1.344672441482544,0.5021753311157227,0.7693989276885986,0.707183837890625,0.45566407,10891
1638858333.7707064.jpg,1.4987990856170654,0.6095795631408691,0.7657647132873535,0.706672191619873,0.45566407,10891
1638858333.7707064.jpg,1.265960693359375,0.4480628967285156,0.7563872337341309,0.7055079936981201,0.45566407,10891
1638858333.7707064.jpg,1.3601722717285156,0.5073802471160889,0.7667515277862549,0.7034456729888916,0.45566407,10891
1638858333.7707064.jpg,1.262542486190796,0.44776225090026855,0.7537288665771484,0.7082126140594482,0.45566407,10891
1638859082.9124146.jpg,1.3170597553253174,0.49942660331726074,0.747779369354248,0.6912720203399658,0.0,9128
1638859082.9124146.jpg,1.267115592956543,0.4464900493621826,0.7596797943115234,0.7143573760986328,0.0,9128
1638859082.9124146.jpg,1.2977561950683594,0.5016353130340576,0.7246708869934082,0.6576147079467773,0.0,9128
1638859082.9124146.jpg,1.288647174835205,0.44783616065979004,0.7781240940093994,0.7261052131652832,0.0,9128
1638859082.9124146.jpg,1.3309695720672607,0.502009391784668,0.7594647407531738,0.6969332695007324,0.0,9128
1638858994.7333193.jpg,1.2873272895812988,0.4453401565551758,0.7721538543701172,0.7263119220733643,0.23959373,9986
1638858994.7333193.jpg,1.3316774368286133,0.5122652053833008,0.7541501522064209,0.7140610218048096,0.23959373,9986
1638858994.7333193.jpg,1.2778902053833008,0.45389795303344727,0.7622606754302979,0.7017416954040527,0.23959373,9986
1638858994.7333193.jpg,1.3052587509155273,0.49950194358825684,0.7407312393188477,0.7031264305114746,0.23959373,9986
1638858994.7333193.jpg,1.2296319007873535,0.4439980983734131,0.7121846675872803,0.6570525169372559,0.23959373,9986
1638859513.9043398.jpg,1.3227965831756592,0.5001602172851562,0.7535967826843262,0.6871860027313232,0.0,10437
1638859513.9043398.jpg,1.3032948970794678,0.4518930912017822,0.7779831886291504,0.7321798801422119,0.0,10437
1638859513.9043398.jpg,1.336968183517456,0.5204977989196777,0.7446496486663818,0.7028501033782959,0.0,10437
1638859513.9043398.jpg,1.2942140102386475,0.4680047035217285,0.7574536800384521,0.6898682117462158,0.0,10437
1638859513.9043398.jpg,1.323904275894165,0.5048220157623291,0.7379615306854248,0.6977832317352295,0.0,10437
1638859010.9028807.jpg,1.3037896156311035,0.4832804203033447,0.7500159740447998,0.7035095691680908,0.64673114,11926
1638859010.9028807.jpg,1.3245882987976074,0.5044052600860596,0.7412512302398682,0.6783652305603027,0.64673114,11926
1638859010.9028807.jpg,1.2866802215576172,0.4911613464355469,0.7298605442047119,0.6827540397644043,0.64673114,11926
1638859010.9028807.jpg,1.3190932273864746,0.4965832233428955,0.7587511539459229,0.694634199142456,0.64673114,11926
1638859010.9028807.jpg,1.3288183212280273,0.4992833137512207,0.7552638053894043,0.7115764617919922,0.64673114,11926
1638859478.6694808.jpg,1.2822258472442627,0.4756925106048584,0.741269588470459,0.6845026016235352,0.0,9851
1638859478.6694808.jpg,1.3276312351226807,0.4988090991973877,0.758934736251831,0.7139842510223389,0.0,9851
1638859478.6694808.jpg,1.2691340446472168,0.4676518440246582,0.7372708320617676,0.669785737991333,0.0,9851
1638859478.6694808.jpg,1.330528974533081,0.49745821952819824,0.7682631015777588,0.7223503589630127,0.0,9851
1638859478.6694808.jpg,1.21327805519104,0.46286559104919434,0.6859874725341797,0.6457839012145996,0.0,9851
1638858308.5180666.jpg,1.357574701309204,0.5001020431518555,0.7858006954193115,0.7213108539581299,0.17083679,9913
1638858308.5180666.jpg,1.2644538879394531,0.4614717960357666,0.740807294845581,0.699216365814209,0.17083679,9913
1638858308.5180666.jpg,1.3220162391662598,0.5034492015838623,0.7486107349395752,0.6873948574066162,0.17083679,9913
1638858308.5180666.jpg,1.2901325225830078,0.4569728374481201,0.772503137588501,0.7296793460845947,0.17083679,9913
1638858308.5180666.jpg,1.352325677871704,0.5011460781097412,0.7772212028503418,0.7153916358947754,0.17083679,9913
1638858312.2182076.jpg,2.5585920810699463,0.4458277225494385,0.7466073036193848,0.6836826801300049,0.0,9671
1638858312.2182076.jpg,1.2415063381195068,0.4453918933868408,0.7352666854858398,0.6856677532196045,0.0,9671
1638858312.2182076.jpg,1.34004545211792,0.500206708908081,0.7426643371582031,0.685858964920044,0.0,9671
1638858312.2182076.jpg,1.2508351802825928,0.4492459297180176,0.7394092082977295,0.6928896903991699,0.0,9671
1638858312.2182076.jpg,1.3220160007476807,0.5043609142303467,0.7465810775756836,0.6764178276062012,0.0,9671
1638859071.5206482.jpg,1.3897068500518799,0.44491100311279297,0.7347958087921143,0.6847991943359375,0.14286776,11387
1638859071.5206482.jpg,1.3974885940551758,0.5887606143951416,0.7107837200164795,0.6731915473937988,0.14286776,11387
1638859071.5206482.jpg,1.4035124778747559,0.4495198726654053,0.7464959621429443,0.6788661479949951,0.14286776,11387
1638859071.5206482.jpg,1.475799322128296,0.5751767158508301,0.7391133308410645,0.6856918334960938,0.14286776,11387
1638859071.5206482.jpg,1.3183717727661133,0.5194694995880127,0.7324602603912354,0.6865174770355225,0.14286776,11387
1638859150.8668318.jpg,1.3808817863464355,0.5594229698181152,0.7152318954467773,0.677532434463501,0.427,9574
1638859150.8668318.jpg,1.2717747688293457,0.4736025333404541,0.7215230464935303,0.6543776988983154,0.427,9574
1638859150.8668318.jpg,1.2937040328979492,0.48087525367736816,0.7512073516845703,0.7106754779815674,0.427,9574
1638859150.8668318.jpg,1.2457387447357178,0.4785010814666748,0.7001469135284424,0.6547927856445312,0.427,9574
1638859150.8668318.jpg,1.2689363956451416,0.4833078384399414,0.7204406261444092,0.6514878273010254,0.427,9574
1638859460.6644094.jpg,1.306523084640503,0.48584532737731934,0.7544047832489014,0.7104520797729492,0.0,11848
1638859460.6644094.jpg,1.5962872505187988,0.4917449951171875,0.7423779964447021,0.7009782791137695,0.0,11848
1638859460.6644094.jpg,1.2992057800292969,0.507408618927002,0.7177367210388184,0.668480634689331,0.0,11848
1638859460.6644094.jpg,1.2666454315185547,0.44573497772216797,0.7567038536071777,0.6895790100097656,0.0,11848
1638859460.6644094.jpg,1.3393311500549316,0.5090944766998291,0.7553060054779053,0.7093520164489746,0.0,11848
1638859417.4746137.jpg,1.2164983749389648,0.4492807388305664,0.7014806270599365,0.6597962379455566,0.33344126,9770
1638859417.4746137.jpg,1.3402469158172607,0.5005238056182861,0.7735331058502197,0.7063210010528564,0.33344126,9770
1638859417.4746137.jpg,1.240541696548462,0.4442286491394043,0.7357692718505859,0.6953127384185791,0.33344126,9770
1638859417.4746137.jpg,1.347273826599121,0.5116474628448486,0.7260024547576904,0.6641824245452881,0.33344126,9770
1638859417.4746137.jpg,1.2263503074645996,0.4439878463745117,0.7174348831176758,0.676069974899292,0.33344126,9770
1638859105.054991.jpg,1.3063409328460693,0.5014979839324951,0.7382373809814453,0.6704866886138916,0.2741389,10643
1638859105.054991.jpg,1.2443275451660156,0.44473743438720703,0.7387068271636963,0.6982815265655518,0.2741389,10643
1638859105.054991.jpg,1.3427643775939941,0.5060570240020752,0.767683744430542,0.7043404579162598,0.2741389,10643
1638859105.054991.jpg,1.2353389263153076,0.4441208839416504,0.7317872047424316,0.6922991275787354,0.2741389,10643
1638859105.054991.jpg,1.313913345336914,0.497877836227417,0.741051197052002,0.6734426021575928,0.2741389,10643
1638858991.16463.jpg,1.2767539024353027,0.44655942916870117,0.7166719436645508,0.674788236618042,0.44821712,10444
1638858991.16463.jpg,1.3171935081481934,0.5024397373199463,0.746605396270752,0.6851074695587158,0.44821712,10444
1638858991.16463.jpg,1.2416915893554688,0.44673871994018555,0.7337653636932373,0.686424970626831,0.44821712,10444
1638858991.16463.jpg,1.3283071517944336,0.5076086521148682,0.7511868476867676,0.6824228763580322,0.44821712,10444
1638858991.16463.jpg,1.2276256084442139,0.4464235305786133,0.718817949295044,0.6736695766448975,0.44821712,10444
1638859022.0452528.jpg,1.3200721740722656,0.5004725456237793,0.749492883682251,0.6881144046783447,0.43869728,11417
1638859022.0452528.jpg,1.2325105667114258,0.45333147048950195,0.7159585952758789,0.6721847057342529,0.43869728,11417
1638859022.0452528.jpg,1.3217494487762451,0.505321741104126,0.7502927780151367,0.6886990070343018,0.43869728,11417
1638859022.0452528.jpg,1.2462310791015625,0.4470853805541992,0.7376804351806641,0.6920373439788818,0.43869728,11417
1638859022.0452528.jpg,1.3235561847686768,0.5055978298187256,0.7414112091064453,0.6772944927215576,0.43869728,11417
1638859014.7957647.jpg,1.2437562942504883,0.45060157775878906,0.7274525165557861,0.6777694225311279,0.65475476,12023
1638859014.7957647.jpg,1.3211491107940674,0.5062065124511719,0.7483565807342529,0.6863694190979004,0.65475476,12023
1638859014.7957647.jpg,1.2630150318145752,0.4494936466217041,0.7503321170806885,0.70418381690979,0.65475476,12023
1638859014.7957647.jpg,1.3213374614715576,0.5068929195404053,0.7404305934906006,0.6713624000549316,0.65475476,12023
1638859014.7957647.jpg,1.2760009765625,0.4489767551422119,0.7468492984771729,0.6919701099395752,0.65475476,12023
1638859025.728633.jpg,1.346308946609497,0.5049936771392822,0.7703120708465576,0.7026739120483398,0.250705,11844
1638859025.728633.jpg,2.865788459777832,0.44936347007751465,1.0135786533355713,0.9386522769927979,0.250705,11844
1638859025.728633.jpg,1.6044952869415283,0.4795842170715332,0.7360622882843018,0.6751608848571777,0.250705,11844
1638859025.728633.jpg,1.264915943145752,0.4660372734069824,0.7307302951812744,0.6805362701416016,0.250705,11844
1638859025.728633.jpg,1.4913780689239502,0.5046505928039551,0.7577009201049805,0.6935975551605225,0.250705,11844
1638859097.8522763.jpg,1.403674602508545,0.5157351493835449,0.7097914218902588,0.6470668315887451,0.30634862,11154
1638859097.8522763.jpg,1.3989934921264648,0.5016517639160156,0.7442424297332764,0.6992523670196533,0.30634862,11154
1638859097.8522763.jpg,1.4166653156280518,0.5128264427185059,0.7341511249542236,0.680793285369873,0.30634862,11154
1638859097.8522763.jpg,1.5855185985565186,0.5551929473876953,0.7335526943206787,0.665691614151001,0.30634862,11154
1638859097.8522763.jpg,1.351940393447876,0.5243980884552002,0.7639267444610596,0.7175307273864746,0.30634862,11154
1638859491.2398384.jpg,1.284456491470337,0.4923527240753174,0.7320988178253174,0.6869175434112549,0.5854291,11755
1638859491.2398384.jpg,1.3143959045410156,0.4901907444000244,0.7426130771636963,0.6843225955963135,0.5854291,11755
1638859491.2398384.jpg,1.302368402481079,0.4911987781524658,0.744086503982544,0.6972169876098633,0.5854291,11755
1638859491.2398384.jpg,2.6397664546966553,0.5005853176116943,0.7203569412231445,0.6670174598693848,0.5854291,11755
1638859491.2398384.jpg,1.2923212051391602,0.503556489944458,0.7219958305358887,0.6776056289672852,0.5854291,11755
1638858275.280067.jpg,1.2745985984802246,0.4633302688598633,0.745786190032959,0.6851933002471924,0.0,10687
1638858275.280067.jpg,1.6018970012664795,0.4978768825531006,0.7379024028778076,0.6691920757293701,0.0,10687
1638858275.280067.jpg,1.2597928047180176,0.446399450302124,0.7477867603302002,0.7034540176391602,0.0,10687
1638858275.280067.jpg,1.3096158504486084,0.49782228469848633,0.7412238121032715,0.6737396717071533,0.0,10687
1638858275.280067.jpg,1.22365403175354,0.44359755516052246,0.7145230770111084,0.6771872043609619,0.0,10687
1638859032.907558.jpg,1.2948050498962402,0.50126051902771,0.7267565727233887,0.6590776443481445,0.0,11620
1638859032.907558.jpg,1.3003740310668945,0.45792222023010254,0.7702643871307373,0.7200508117675781,0.0,11620
1638859032.907558.jpg,1.3056018352508545,0.5047793388366699,0.7331418991088867,0.688302755355835,0.0,11620
1638859032.907558.jpg,1.2283520698547363,0.4485774040222168,0.7177548408508301,0.6648390293121338,0.0,11620
1638859032.907558.jpg,1.3433408737182617,0.5029613971710205,0.7650389671325684,0.7232022285461426,0.0,11620
1638859382.698106.jpg,1.2129344940185547,0.4440903663635254,0.7063336372375488,0.6603689193725586,0.4849463,11034
1638859382.698106.jpg,1.3058648109436035,0.5021445751190186,0.7348132133483887,0.6780438423156738,0.4849463,11034
1638859382.698106.jpg,1.3428771495819092,0.44701623916625977,0.7337532043457031,0.691779375076294,0.4849463,11034
1638859382.698106.jpg,1.3243613243103027,0.5013093948364258,0.7454738616943359,0.6834609508514404,0.4849463,11034
1638859382.698106.jpg,1.2486464977264404,0.4542512893676758,0.7306900024414062,0.6864449977874756,0.4849463,11034
1638858300.450434.jpg,1.3023178577423096,0.4976656436920166,0.729982852935791,0.6660685539245605,0.50011307,9069
1638858300.450434.jpg,1.2441306114196777,0.44272661209106445,0.7405800819396973,0.6940908432006836,0.50011307,9069
1638858300.450434.jpg,1.3104605674743652,0.49761366844177246,0.7435450553894043,0.6805768013000488,0.50011307,9069
1638858300.450434.jpg,2.5687921047210693,0.4442005157470703,0.7167854309082031,0.6511948108673096,0.50011307,9069
1638858300.450434.jpg,1.243415355682373,0.4438152313232422,0.7389061450958252,0.6929841041564941,0.50011307,9069
1638859018.3966541.jpg,2.6800529956817627,0.5014123916625977,0.748042106628418,0.6862292289733887,0.72356814,11344
1638859018.3966541.jpg,1.2911016941070557,0.505521297454834,0.7198905944824219,0.6737842559814453,0.72356814,11344
1638859018.3966541.jpg,1.271338939666748,0.44848012924194336,0.7576749324798584,0.6911191940307617,0.72356814,11344
1638859018.3966541.jpg,1.3761982917785645,0.5099501609802246,0.7479019165039062,0.7023966312408447,0.72356814,11344
1638859018.3966541.jpg,1.2312307357788086,0.46076011657714844,0.7044365406036377,0.6621627807617188,0.72356814,11344
1638859509.741117.jpg,1.2934999465942383,0.5025873184204102,0.7159345149993896,0.6488299369812012,0.0,10555
1638859509.741117.jpg,1.2689719200134277,0.4619629383087158,0.7375791072845459,0.6992990970611572,0.0,10555
1638859509.741117.jpg,1.314115285873413,0.5029163360595703,0.7407436370849609,0.6799864768981934,0.0,10555
1638859509.741117.jpg,1.276294231414795,0.46267104148864746,0.7451298236846924,0.7039930820465088,0.0,10555
1638859509.741117.jpg,1.328974962234497,0.5088541507720947,0.7491965293884277,0.6828851699829102,0.0,10555
1638859132.3518987.jpg,1.2652840614318848,0.46903371810913086,0.7290740013122559,0.6865947246551514,0.6572477,11013
1638859132.3518987.jpg,1.3662903308868408,0.5044684410095215,0.7348463535308838,0.6671864986419678,0.6572477,11013
1638859132.3518987.jpg,1.5380313396453857,0.5390634536743164,0.7352275848388672,0.66815185546875,0.6572477,11013
1638859132.3518987.jpg,1.444221019744873,0.46857285499572754,0.7637472152709961,0.7154054641723633,0.6572477,11013
1638859132.3518987.jpg,1.57704758644104,0.5526714324951172,0.7594010829925537,0.6962049007415771,0.6572477,11013
1638858330.1484354.jpg,1.2967584133148193,0.4923224449157715,0.739262580871582,0.6975712776184082,0.27513605,8811
1638858330.1484354.jpg,1.4365839958190918,0.573509931564331,0.7401154041290283,0.6937775611877441,0.27513605,8811
1638858330.1484354.jpg,1.2516872882843018,0.44465136528015137,0.7420117855072021,0.6793599128723145,0.27513605,8811
1638858330.1484354.jpg,1.3112540245056152,0.499401330947876,0.7427456378936768,0.70021653175354,0.27513605,8811
1638858330.1484354.jpg,1.236499547958374,0.44490742683410645,0.7266523838043213,0.6594440937042236,0.27513605,8811
1638859108.6449215.jpg,1.3063793182373047,0.49288153648376465,0.7473165988922119,0.7063643932342529,0.74956524,10106
1638859108.6449215.jpg,1.2331864833831787,0.4421522617340088,0.7257640361785889,0.6596364974975586,0.74956524,10106
1638859108.6449215.jpg,1.2996785640716553,0.5016334056854248,0.7348506450653076,0.6947474479675293,0.74956524,10106
1638859108.6449215.jpg,1.2898125648498535,0.441042423248291,0.7829043865203857,0.7209076881408691,0.74956524,10106
1638859108.6449215.jpg,1.289853572845459,0.5001242160797119,0.7202060222625732,0.6825807094573975,0.74956524,10106
1638859136.0278258.jpg,1.2013378143310547,0.44438791275024414,0.6855387687683105,0.6411776542663574,0.31299362,11012
1638859136.0278258.jpg,1.3297045230865479,0.499636173248291,0.7634444236755371,0.7066941261291504,0.31299362,11012
1638859136.0278258.jpg,1.335214614868164,0.45034217834472656,0.7442784309387207,0.690190315246582,0.31299362,11012
1638859136.0278258.jpg,1.2986652851104736,0.5025670528411865,0.7219550609588623,0.6593108177185059,0.31299362,11012
1638859136.0278258.jpg,1.2911443710327148,0.4599788188934326,0.762434720993042,0.7157454490661621,0.31299362,11012
1638859140.007508.jpg,1.366549015045166,0.4996023178100586,0.7371482849121094,0.6952524185180664,0.3867327,10532
1638859140.007508.jpg,1.306333303451538,0.4780607223510742,0.7558457851409912,0.6883163452148438,0.3867327,10532
1638859140.007508.jpg,1.2700965404510498,0.49712538719177246,0.7133023738861084,0.673123836517334,0.3867327,10532
1638859140.007508.jpg,1.3138940334320068,0.4858996868133545,0.76003098487854,0.6928045749664307,0.3867327,10532
1638859140.007508.jpg,1.3149888515472412,0.5004572868347168,0.7461042404174805,0.7088916301727295,0.3867327,10532
1638858972.7726066.jpg,1.2710175514221191,0.4908413887023926,0.709691047668457,0.6673963069915771,0.20873009,11629
1638858972.7726066.jpg,1.289903163909912,0.4927692413330078,0.7342751026153564,0.6717603206634521,0.20873009,11629
1638858972.7726066.jpg,1.3060736656188965,0.49639201164245605,0.7427535057067871,0.6978001594543457,0.20873009,11629
1638858972.7726066.jpg,1.2182176113128662,0.48467350006103516,0.67104172706604,0.6305880546569824,0.20873009,11629
1638858972.7726066.jpg,2.705097198486328,0.49520111083984375,0.7987051010131836,0.7029948234558105,0.20873009,11629
1638858326.5549517.jpg,1.3102288246154785,0.48625946044921875,0.7582356929779053,0.7150545120239258,0.0,7600
1638858326.5549517.jpg,1.2593145370483398,0.4665806293487549,0.7254903316497803,0.6815779209136963,0.0,7600
1638858326.5549517.jpg,1.2670044898986816,0.4895482063293457,0.7055363655090332,0.6476364135742188,0.0,7600
1638858326.5549517.jpg,1.2853012084960938,0.4578869342803955,0.751152515411377,0.7099215984344482,0.0,7600
1638858326.5549517.jpg,1.2911553382873535,0.49086451530456543,0.7283308506011963,0.6621174812316895,0.0,7600
1638859400.6757352.jpg,1.2639055252075195,0.45810890197753906,0.7406539916992188,0.6955831050872803,0.0,8842
1638859400.6757352.jpg,1.2985410690307617,0.49833202362060547,0.7268264293670654,0.6673088073730469,0.0,8842
1638859400.6757352.jpg,1.2497355937957764,0.45738983154296875,0.7307014465332031,0.6868014335632324,0.0,8842
1638859400.6757352.jpg,4.901822566986084,0.49935197830200195,0.7615833282470703,0.6877281665802002,0.0,8842
1638859400.6757352.jpg,1.2944438457489014,0.4936401844024658,0.7341616153717041,0.6835842132568359,0.0,8842
1638859428.7807984.jpg,1.2337627410888672,0.4741504192352295,0.7009787559509277,0.6540563106536865,0.31655017,8884
1638859428.7807984.jpg,1.2798590660095215,0.49102330207824707,0.715897798538208,0.6490306854248047,0.31655017,8884
1638859428.7807984.jpg,1.269158124923706,0.47954535484313965,0.7307889461517334,0.6868307590484619,0.31655017,8884
1638859428.7807984.jpg,1.3502066135406494,0.4893941879272461,0.7440931797027588,0.6818881034851074,0.31655017,8884
1638859428.7807984.jpg,1.5433132648468018,0.5519962310791016,0.7488453388214111,0.7026121616363525,0.31655017,8884
1638859370.2894099.jpg,2.689584732055664,0.5130348205566406,0.7189836502075195,0.6516649723052979,0.11439075,11403
1638859370.2894099.jpg,1.5819478034973145,0.5525262355804443,0.7497167587280273,0.6806800365447998,0.11439075,11403
1638859370.2894099.jpg,1.282848834991455,0.4955458641052246,0.7248060703277588,0.679912805557251,0.11439075,11403
1638859370.2894099.jpg,1.2814819812774658,0.5035979747772217,0.7118852138519287,0.665834903717041,0.11439075,11403
1638859370.2894099.jpg,1.2405815124511719,0.4486241340637207,0.7299280166625977,0.6751513481140137,0.11439075,11403
1638859580.7838762.jpg,1.30149245262146,0.49054932594299316,0.7453906536102295,0.7064938545227051,0.0,9133
1638859580.7838762.jpg,1.2471632957458496,0.4382479190826416,0.7413504123687744,0.6789512634277344,0.0,9133
1638859580.7838762.jpg,1.2832798957824707,0.49277424812316895,0.7240040302276611,0.6810910701751709,0.0,9133
1638859580.7838762.jpg,1.2406375408172607,0.4361410140991211,0.737856388092041,0.6768479347229004,0.0,9133
1638859580.7838762.jpg,1.2914066314697266,0.4941730499267578,0.7333190441131592,0.6900720596313477,0.0,9133
1638859397.0863261.jpg,1.2208409309387207,0.4316740036010742,0.7242968082427979,0.6572422981262207,0.86164,8863
1638859397.0863261.jpg,1.2990164756774902,0.4895811080932617,0.7273366451263428,0.6858422756195068,0.86164,8863
1638859397.0863261.jpg,2.591604232788086,0.43657517433166504,0.735706090927124,0.6666154861450195,0.86164,8863
1638859397.0863261.jpg,1.2322187423706055,0.4352850914001465,0.736534595489502,0.6917393207550049,0.86164,8863
1638859397.0863261.jpg,1.3001585006713867,0.4899020195007324,0.7321348190307617,0.6653666496276855,0.86164,8863
1638859474.214695.jpg,1.5308802127838135,0.4490230083465576,1.021024465560913,0.9761974811553955,0.5884325,10803
1638859474.214695.jpg,1.3126487731933594,0.5047838687896729,0.7425048351287842,0.6999056339263916,0.5884325,10803
1638859474.214695.jpg,1.263674020767212,0.48076629638671875,0.7151234149932861,0.6760618686676025,0.5884325,10803
1638859474.214695.jpg,1.3255219459533691,0.5047070980072021,0.7559239864349365,0.6881716251373291,0.5884325,10803
1638859474.214695.jpg,1.3043951988220215,0.48215627670288086,0.7517859935760498,0.7125461101531982,0.5884325,10803
1638859558.1651623.jpg,1.2801456451416016,0.4869413375854492,0.7317571640014648,0.6868112087249756,0.15747896,9654
1638859558.1651623.jpg,1.2945384979248047,0.4929649829864502,0.733546257019043,0.672062873840332,0.15747896,9654
1638859558.1651623.jpg,1.2995884418487549,0.48717808723449707,0.7500238418579102,0.7031600475311279,0.15747896,9654
1638859558.1651623.jpg,1.2963154315948486,0.4961066246032715,0.7289726734161377,0.662651538848877,0.15747896,9654
1638859558.1651623.jpg,1.2649149894714355,0.4835171699523926,0.7232742309570312,0.6759607791900635,0.15747896,9654
1638859470.554894.jpg,1.316979169845581,0.49993300437927246,0.7473890781402588,0.6856615543365479,0.36096245,11421
1638859470.554894.jpg,1.2945334911346436,0.47532224655151367,0.753751277923584,0.7093460559844971,0.36096245,11421
1638859470.554894.jpg,1.3352947235107422,0.5072567462921143,0.7561721801757812,0.6886851787567139,0.36096245,11421
1638859470.554894.jpg,1.264936923980713,0.46869564056396484,0.7343692779541016,0.6842117309570312,0.36096245,11421
1638859470.554894.jpg,1.3159236907958984,0.5054855346679688,0.7393283843994141,0.6772801876068115,0.36096245,11421
1638859143.648061.jpg,2.6078150272369385,0.4568746089935303,0.7391335964202881,0.6720635890960693,0.5042261,10287
1638859143.648061.jpg,1.255194902420044,0.4498476982116699,0.7460019588470459,0.6989386081695557,0.5042261,10287
1638859143.648061.jpg,1.3238418102264404,0.5035178661346436,0.7393383979797363,0.671807050704956,0.5042261,10287
1638859143.648061.jpg,1.2206065654754639,0.44145774841308594,0.7172479629516602,0.6722512245178223,0.5042261,10287
1638859143.648061.jpg,1.3112916946411133,0.49367189407348633,0.7466292381286621,0.6789884567260742,0.5042261,10287
1638859404.5890343.jpg,1.254692792892456,0.4416377544403076,0.7514989376068115,0.7033946514129639,0.1435434,10073
1638859404.5890343.jpg,1.3111019134521484,0.5045976638793945,0.7413804531097412,0.673499584197998,0.1435434,10073
1638859404.5890343.jpg,1.2484769821166992,0.45453858375549316,0.7277023792266846,0.6840858459472656,0.1435434,10073
1638859404.5890343.jpg,1.342212200164795,0.5074055194854736,0.7670741081237793,0.7013428211212158,0.1435434,10073
1638859404.5890343.jpg,1.228919267654419,0.44385766983032227,0.7231004238128662,0.6794943809509277,0.1435434,10073
1638859043.7611094.jpg,1.3266558647155762,0.5043017864227295,0.7543785572052002,0.6863110065460205,0.35280746,12462
1638859043.7611094.jpg,1.4501149654388428,0.44738173484802246,0.7321920394897461,0.6834676265716553,0.35280746,12462
1638859043.7611094.jpg,1.5559642314910889,0.5059876441955566,0.7423107624053955,0.6931023597717285,0.35280746,12462
1638859043.7611094.jpg,1.3236775398254395,0.5040826797485352,0.7520191669464111,0.7058455944061279,0.35280746,12462
1638859043.7611094.jpg,1.4476962089538574,0.5766944885253906,0.7386476993560791,0.6922061443328857,0.35280746,12462
1638859440.6666799.jpg,1.3384971618652344,0.5230493545532227,0.7471368312835693,0.6848313808441162,0.6121621,11360
1638859440.6666799.jpg,1.458998680114746,0.639456033706665,0.7526729106903076,0.7086539268493652,0.6121621,11360
1638859440.6666799.jpg,1.5222418308258057,0.5223484039306641,0.7369816303253174,0.6902017593383789,0.6121621,11360
1638859440.6666799.jpg,1.2420668601989746,0.44820070266723633,0.7340867519378662,0.683635950088501,0.6121621,11360
1638859440.6666799.jpg,1.3302040100097656,0.5055394172668457,0.7576930522918701,0.6971073150634766,0.6121621,11360
1638859029.3403072.jpg,1.2628185749053955,0.4542577266693115,0.7484920024871826,0.7051796913146973,0.0,8628
1638859029.3403072.jpg,1.304290771484375,0.49976372718811035,0.7382106781005859,0.6784396171569824,0.0,8628
1638859029.3403072.jpg,1.5804803371429443,0.44529271125793457,0.7755789756774902,0.714374303817749,0.0,8628
1638859029.3403072.jpg,1.2921700477600098,0.49894165992736816,0.7284533977508545,0.6858644485473633,0.0,8628
1638859029.3403072.jpg,1.2078125476837158,0.4459867477416992,0.6971073150634766,0.6547834873199463,0.0,8628
1638858295.4193494.jpg,1.2949788570404053,0.500112771987915,0.7283034324645996,0.6606438159942627,0.24134716,9464
1638858295.4193494.jpg,1.2479267120361328,0.4483485221862793,0.7379822731018066,0.6884737014770508,0.24134716,9464
1638858295.4193494.jpg,1.2865381240844727,0.5065386295318604,0.7136826515197754,0.657477855682373,0.24134716,9464
1638858295.4193494.jpg,1.239354133605957,0.44489192962646484,0.7319538593292236,0.6868996620178223,0.24134716,9464
1638858295.4193494.jpg,1.3450510501861572,0.5069098472595215,0.768721342086792,0.7108726501464844,0.24134716,9464
1638858983.730413.jpg,1.250288486480713,0.45689964294433594,0.7248337268829346,0.6825087070465088,0.10066241,10751
1638858983.730413.jpg,1.2961208820343018,0.5059585571289062,0.721245527267456,0.6636979579925537,0.10066241,10751
1638858983.730413.jpg,1.2697184085845947,0.4574265480041504,0.7436199188232422,0.7019031047821045,0.10066241,10751
1638858983.730413.jpg,1.303649663925171,0.5009474754333496,0.7301144599914551,0.667670726776123,0.10066241,10751
1638858983.730413.jpg,1.2600646018981934,0.4475114345550537,0.7512879371643066,0.6913039684295654,0.10066241,10751
1638858267.8130226.jpg,5.131505012512207,0.5025076866149902,0.7536633014678955,0.6813762187957764,0.0,11016
1638858267.8130226.jpg,1.3174004554748535,0.5024387836456299,0.7434132099151611,0.7010045051574707,0.0,11016
1638858267.8130226.jpg,1.2058122158050537,0.4492475986480713,0.6950218677520752,0.6462545394897461,0.0,11016
1638858267.8130226.jpg,1.3279731273651123,0.5014593601226807,0.7577776908874512,0.6895320415496826,0.0,11016
1638858267.8130226.jpg,1.267580270767212,0.44757652282714844,0.7575383186340332,0.7119770050048828,0.0,11016
1638859117.2782512.jpg,1.2950618267059326,0.48396801948547363,0.7432191371917725,0.6765646934509277,0.1773823,8421
1638859117.2782512.jpg,1.2198500633239746,0.43370985984802246,0.7265317440032959,0.6822447776794434,0.1773823,8421
1638859117.2782512.jpg,1.329437255859375,0.4879896640777588,0.7657732963562012,0.7023117542266846,0.1773823,8421
1638859117.2782512.jpg,1.2268767356872559,0.43448567390441895,0.7147917747497559,0.6729869842529297,0.1773823,8421
1638859117.2782512.jpg,1.2914586067199707,0.4880077838897705,0.735102653503418,0.6731829643249512,0.1773823,8421
1638859389.9061172.jpg,1.2323567867279053,0.43642354011535645,0.7305848598480225,0.6860101222991943,0.30357486,9679
1638859389.9061172.jpg,1.3178300857543945,0.49215269088745117,0.7529304027557373,0.6860532760620117,0.30357486,9679
1638859389.9061172.jpg,1.2442197799682617,0.4406859874725342,0.7371699810028076,0.695737361907959,0.30357486,9679
1638859389.9061172.jpg,1.3002984523773193,0.49581360816955566,0.7343173027038574,0.6674015522003174,0.30357486,9679
1638859389.9061172.jpg,1.260763168334961,0.43890857696533203,0.7566590309143066,0.7112941741943359,0.30357486,9679
1638858987.4828706.jpg,1.297802448272705,0.49858927726745605,0.7327466011047363,0.6717286109924316,0.3470122,10362
1638858987.4828706.jpg,1.2673888206481934,0.44918155670166016,0.7498888969421387,0.7009899616241455,0.3470122,10362
1638858987.4828706.jpg,1.3188350200653076,0.5003423690795898,0.748781681060791,0.6813662052154541,0.3470122,10362
1638858987.4828706.jpg,4.8011860847473145,0.4550144672393799,0.7463481426239014,0.6712193489074707,0.3470122,10362
1638858987.4828706.jpg,1.269942045211792,0.48938488960266113,0.7182536125183105,0.6735420227050781,0.3470122,10362
1638859552.600354.jpg,1.5033965110778809,0.5395958423614502,0.7286646366119385,0.6651022434234619,0.19643769,9154
1638859552.600354.jpg,1.429961919784546,0.5947957038879395,0.7688102722167969,0.7245914936065674,0.19643769,9154
1638859552.600354.jpg,1.33461332321167,0.4993913173675537,0.7529761791229248,0.70674729347229,0.19643769,9154
1638859552.600354.jpg,1.254068374633789,0.4645681381225586,0.7159249782562256,0.6488242149353027,0.19643769,9154
1638859552.600354.jpg,1.3221561908721924,0.49231982231140137,0.7636356353759766,0.7195272445678711,0.19643769,9154
1638859453.1102674.jpg,1.2957723140716553,0.478348970413208,0.7436981201171875,0.6807725429534912,0.54859734,10247
1638859453.1102674.jpg,1.280869722366333,0.4927675724029541,0.7279438972473145,0.6835885047912598,0.54859734,10247
1638859453.1102674.jpg,1.2738876342773438,0.4791297912597656,0.7270867824554443,0.6598801612854004,0.54859734,10247
1638859453.1102674.jpg,1.3122961521148682,0.48865389823913574,0.7635083198547363,0.710289716720581,0.54859734,10247
1638859453.1102674.jpg,1.2294535636901855,0.4834909439086914,0.6800918579101562,0.634129524230957,0.54859734,10247
1638859007.2327726.jpg,1.3136320114135742,0.49961066246032715,0.7414982318878174,0.67885422706604,0.6404456,11354
1638859007.2327726.jpg,1.5894618034362793,0.4901599884033203,0.731766939163208,0.6666791439056396,0.6404456,11354
1638859007.2327726.jpg,1.2391963005065918,0.45708298683166504,0.7217190265655518,0.6753842830657959,0.6404456,11354
1638859007.2327726.jpg,1.3253607749938965,0.5026142597198486,0.7526514530181885,0.691256046295166,0.6404456,11354
1638859007.2327726.jpg,1.2646219730377197,0.45058131217956543,0.7525904178619385,0.7020828723907471,0.6404456,11354
1638859595.453537.jpg,1.652644395828247,0.5004093647003174,1.062004804611206,0.6983535289764404,0.0,12474
1638859595.453537.jpg,1.2239854335784912,0.4484431743621826,0.7132761478424072,0.6684849262237549,0.0,12474
1638859595.453537.jpg,1.3170688152313232,0.5108792781829834,0.7387912273406982,0.671196699142456,0.0,12474
1638859595.453537.jpg,1.239607334136963,0.4470655918121338,0.724250316619873,0.6787917613983154,0.0,12474
1638859595.453537.jpg,1.3249306678771973,0.5183718204498291,0.7247843742370605,0.6568973064422607,0.0,12474
1638858338.2746873.jpg,1.2296795845031738,0.4541041851043701,0.7128920555114746,0.6676187515258789,0.71046513,10667
1638858338.2746873.jpg,1.3524560928344727,0.5061233043670654,0.7635812759399414,0.6985926628112793,0.71046513,10667
1638858338.2746873.jpg,1.2425460815429688,0.45265746116638184,0.7274582386016846,0.6823000907897949,0.71046513,10667
1638858338.2746873.jpg,1.3038289546966553,0.5006983280181885,0.7288703918457031,0.6613211631774902,0.71046513,10667
1638858338.2746873.jpg,1.2726726531982422,0.44963526725769043,0.7482061386108398,0.7060685157775879,0.71046513,10667
1638859002.9162307.jpg,1.3057727813720703,0.4906635284423828,0.7391886711120605,0.6782732009887695,0.6698714,9673
1638859002.9162307.jpg,1.2289505004882812,0.4446277618408203,0.719721794128418,0.6750407218933105,0.6698714,9673
1638859002.9162307.jpg,1.3064091205596924,0.49517154693603516,0.7411279678344727,0.6740021705627441,0.6698714,9673
1638859002.9162307.jpg,1.2245452404022217,0.4385244846343994,0.725041389465332,0.6860401630401611,0.6698714,9673
1638859002.9162307.jpg,1.289405107498169,0.4943504333496094,0.7274901866912842,0.6604969501495361,0.6698714,9673
1638858271.5123212.jpg,1.2421879768371582,0.4483673572540283,0.7336339950561523,0.6942758560180664,0.48439607,10649
1638858271.5123212.jpg,1.3121798038482666,0.49765849113464355,0.7458934783935547,0.6781466007232666,0.48439607,10649
1638858271.5123212.jpg,2.515824794769287,0.44899749755859375,0.7594358921051025,0.6918330192565918,0.48439607,10649
1638858271.5123212.jpg,9.020035982131958,0.4423491954803467,0.7719464302062988,0.6767487525939941,0.48439607,10649
1638858271.5123212.jpg,1.6673386096954346,0.497178316116333,1.0166022777557373,0.9706037044525146,0.48439607,10649
1638859413.3039086.jpg,1.537015438079834,0.48287296295166016,0.8619794845581055,0.6608812808990479,0.3808943,9753
1638859413.3039086.jpg,1.6137676239013672,0.4861445426940918,0.735142707824707,0.6768834590911865,0.3808943,9753
1638859413.3039086.jpg,1.5835704803466797,0.5448486804962158,0.7504653930664062,0.6881539821624756,0.3808943,9753
1638859413.3039086.jpg,1.3261473178863525,0.48584866523742676,0.7692327499389648,0.7165172100067139,0.3808943,9753
1638859413.3039086.jpg,1.4989709854125977,0.6624171733856201,0.7528605461120605,0.7087786197662354,0.3808943,9753
1638859086.5885167.jpg,1.3213222026824951,0.489788293838501,0.7566843032836914,0.6941566467285156,0.0,12049
1638859086.5885167.jpg,1.3043155670166016,0.4960043430328369,0.7491192817687988,0.7039387226104736,0.0,12049
1638859086.5885167.jpg,2.6167759895324707,0.4942662715911865,0.7343592643737793,0.6717555522918701,0.0,12049
1638859086.5885167.jpg,1.315535306930542,0.501906156539917,0.7467668056488037,0.6988852024078369,0.0,12049
1638859086.5885167.jpg,1.6460092067718506,0.47784972190856934,0.7522900104522705,0.7102744579315186,0.0,12049
1638859101.4540179.jpg,1.5975189208984375,0.49968624114990234,0.7276604175567627,0.6589486598968506,0.17181467,10550
1638859101.4540179.jpg,1.2325973510742188,0.4471476078033447,0.7223446369171143,0.6813910007476807,0.17181467,10550
1638859101.4540179.jpg,1.3137552738189697,0.4980454444885254,0.7408277988433838,0.677086353302002,0.17181467,10550
1638859101.4540179.jpg,1.2667343616485596,0.44515013694763184,0.7609224319458008,0.7197787761688232,0.17181467,10550
1638859101.4540179.jpg,1.3185036182403564,0.4973945617675781,0.7533767223358154,0.6856942176818848,0.17181467,10550
1638859036.5698588.jpg,1.2441787719726562,0.4462311267852783,0.7377417087554932,0.6971745491027832,0.35457894,11993
1638859036.5698588.jpg,2.6779465675354004,0.5053670406341553,0.7604506015777588,0.6970860958099365,0.35457894,11993
1638859036.5698588.jpg,1.2981107234954834,0.5007772445678711,0.7300453186035156,0.6896200180053711,0.35457894,11993
1638859036.5698588.jpg,1.2414767742156982,0.4584321975708008,0.7140264511108398,0.6667933464050293,0.35457894,11993
1638859036.5698588.jpg,1.3196125030517578,0.5051102638244629,0.7440927028656006,0.6796875,0.35457894,11993
1638859483.8107712.jpg,1.274402379989624,0.455981969833374,0.7524566650390625,0.7035291194915771,0.1922702,10636
1638859483.8107712.jpg,1.3279969692230225,0.5098297595977783,0.7496774196624756,0.6872045993804932,0.1922702,10636
1638859483.8107712.jpg,1.283808946609497,0.46695470809936523,0.7489297389984131,0.7037606239318848,0.1922702,10636
1638859483.8107712.jpg,2.440143346786499,0.5005991458892822,0.7605359554290771,0.6954734325408936,0.1922702,10636
1638859483.8107712.jpg,1.310457468032837,0.5001933574676514,0.7436821460723877,0.6954605579376221,0.1922702,10636
